Workbook

Sheet About This Report
A1: About This Report
A3: Sheets in this workbook
A4: League Table - standard standings from every played match.
A5: Overview - a deliberately narrow at-a-glance summary of each team's core xG/xPts form, sorted by Avg xG Delta (For), best first. Medians, adjusted current form, and a couple of stats already shown elsewhere are left off - see the team tabs and the dedicated grid sheets for the full detail.
A6: xPts Table - teams ranked by season-total xPts Delta (actual deserved points minus what the market expected), highest over-performance first - a "truer" table than the real one below since it's driven by chance quality rather than which chances actually went in.
A7: Dashboard - three league-wide charts (xG Delta For, Supremacy Delta, xPts Actual vs Market) so patterns are visible at a glance instead of scrolling through team tabs.
A8: Data Quality - flags fixtures with missing/negative xG or goals, or suspicious exact-0.00 xG on both sides - a first stop before trusting a given run's numbers.
A9: Match Log - the single master data table: one row per fixture (not per team) with every core stat, and an AutoFilter so you can filter by team/venue without hunting through team tabs.
A10: Home & Away Splits - Total/Home/Away average and median supremacy, and Total/Home/Away goals, for every team.
A11: Supremacy Delta / (Home) / (Away) - match-by-match grids of actual vs. expected xG supremacy, each sorted by its own average, highest first.
A12: Total xG Delta - match-by-match grid of how much higher/lower-scoring each match was than the market expected, sorted by its own average, with a Median column at the end.
A13: xPts Delta - match-by-match grid of expected-points over/under-performance, sorted by its own average.
... A22: • The Supremacy Delta (Home) / (Away) grids are literal snapshots (computed once, at report-generation time) rather than live formulas like the full-season grid, since a team's home-only matches aren't a contiguous block of rows on its own sheet. Re-run the pipeline to refresh them.

Sheet League Table
A1: Pos | B1: Team | C1: P | D1: W | E1: D | F1: L | G1: GF | H1: GA | I1: GD | J1: Pts
A2: =ROW()-1 | B2: Salford City | C2: =COUNTIF('Results Data'!$B$2:$B$115,$B2)+COUNTIF('Results Data'!$C$2:$C$115,$B2) | D2: =SUMPRODUCT(('Results Data'!$B$2:$B$115=$B2)*('Results Data'!$D$2:$D$115>'Results Data'!$E$2:$E$115))+SUMPRODUCT(('Results Data'!$C$2:$C$115=$B2)*('Results Data'!$E$2:$E$115>'Results Data'!$D$2:$D$115)) | E2: =SUMPRODUCT(('Results Data'!$B$2:$B$115=$B2)*('Results Data'!$D$2:$D$115='Results Data'!$E$2:$E$115))+SUMPRODUCT(('Results Data'!$C$2:$C$115=$B2)*('Results Data'!$E$2:$E$115='Results Data'!$D$2:$D$115)) | F2: =C2-D2-E2 | G2: =SUMIF('Results Data'!$B$2:$B$115,$B2,'Results Data'!$D$2:$D$115)+SUMIF('Results Data'!$C$2:$C$115,$B2,'Results Data'!$E$2:$E$115) | H2: =SUMIF('Results Data'!$B$2:$B$115,$B2,'Results Data'!$E$2:$E$115)+SUMIF('Results Data'!$C$2:$C$115,$B2,'Results Data'!$D$2:$D$115) | I2: =G2-H2 | J2: =D2*3+E2
A3: =ROW()-1 | B3: Barnet | C3: =COUNTIF('Results Data'!$B$2:$B$115,$B3)+COUNTIF('Results Data'!$C$2:$C$115,$B3) | D3: =SUMPRODUCT(('Results Data'!$B$2:$B$115=$B3)*('Results Data'!$D$2:$D$115>'Results Data'!$E$2:$E$115))+SUMPRODUCT(('Results Data'!$C$2:$C$115=$B3)*('Results Data'!$E$2:$E$115>'Results Data'!$D$2:$D$115)) | E3: =SUMPRODUCT(('Results Data'!$B$2:$B$115=$B3)*('Results Data'!$D$2:$D$115='Results Data'!$E$2:$E$115))+SUMPRODUCT(('Results Data'!$C$2:$C$115=$B3)*('Results Data'!$E$2:$E$115='Results Data'!$D$2:$D$115)) | F3: =C3-D3-E3 | G3: =SUMIF('Results Data'!$B$2:$B$115,$B3,'Results Data'!$D$2:$D$115)+SUMIF('Results Data'!$C$2:$C$115,$B3,'Results Data'!$E$2:$E$115) | H3: =SUMIF('Results Data'!$B$2:$B$115,$B3,'Results Data'!$E$2:$E$115)+SUMIF('Results Data'!$C$2:$C$115,$B3,'Results Data'!$D$2:$D$115) | I3: =G3-H3 | J3: =D3*3+E3
A4: =ROW()-1 | B4: Crewe Alexandra | C4: =COUNTIF('Results Data'!$B$2:$B$115,$B4)+COUNTIF('Results Data'!$C$2:$C$115,$B4) | D4: =SUMPRODUCT(('Results Data'!$B$2:$B$115=$B4)*('Results Data'!$D$2:$D$115>'Results Data'!$E$2:$E$115))+SUMPRODUCT(('Results Data'!$C$2:$C$115=$B4)*('Results Data'!$E$2:$E$115>'Results Data'!$D$2:$D$115)) | E4: =SUMPRODUCT(('Results Data'!$B$2:$B$115=$B4)*('Results Data'!$D$2:$D$115='Results Data'!$E$2:$E$115))+SUMPRODUCT(('Results Data'!$C$2:$C$115=$B4)*('Results Data'!$E$2:$E$115='Results Data'!$D$2:$D$115)) | F4: =C4-D4-E4 | G4: =SUMIF('Results Data'!$B$2:$B$115,$B4,'Results Data'!$D$2:$D$115)+SUMIF('Results Data'!$C$2:$C$115,$B4,'Results Data'!$E$2:$E$115) | H4: =SUMIF('Results Data'!$B$2:$B$115,$B4,'Results Data'!$E$2:$E$115)+SUMIF('Results Data'!$C$2:$C$115,$B4,'Results Data'!$D$2:$D$115) | I4: =G4-H4 | J4: =D4*3+E4
A5: =ROW()-1 | B5: Gillingham | C5: =COUNTIF('Results Data'!$B$2:$B$115,$B5)+COUNTIF('Results Data'!$C$2:$C$115,$B5) | D5: =SUMPRODUCT(('Results Data'!$B$2:$B$115=$B5)*('Results Data'!$D$2:$D$115>'Results Data'!$E$2:$E$115))+SUMPRODUCT(('Results Data'!$C$2:$C$115=$B5)*('Results Data'!$E$2:$E$115>'Results Data'!$D$2:$D$115)) | E5: =SUMPRODUCT(('Results Data'!$B$2:$B$115=$B5)*('Results Data'!$D$2:$D$115='Results Data'!$E$2:$E$115))+SUMPRODUCT(('Results Data'!$C$2:$C$115=$B5)*('Results Data'!$E$2:$E$115='Results Data'!$D$2:$D$115)) | F5: =C5-D5-E5 | G5: =SUMIF('Results Data'!$B$2:$B$115,$B5,'Results Data'!$D$2:$D$115)+SUMIF('Results Data'!$C$2:$C$115,$B5,'Results Data'!$E$2:$E$115) | H5: =SUMIF('Results Data'!$B$2:$B$115,$B5,'Results Data'!$E$2:$E$115)+SUMIF('Results Data'!$C$2:$C$115,$B5,'Results Data'!$D$2:$D$115) | I5: =G5-H5 | J5: =D5*3+E5
A6: =ROW()-1 | B6: York | C6: =COUNTIF('Results Data'!$B$2:$B$115,$B6)+COUNTIF('Results Data'!$C$2:$C$115,$B6) | D6: =SUMPRODUCT(('Results Data'!$B$2:$B$115=$B6)*('Results Data'!$D$2:$D$115>'Results Data'!$E$2:$E$115))+SUMPRODUCT(('Results Data'!$C$2:$C$115=$B6)*('Results Data'!$E$2:$E$115>'Results Data'!$D$2:$D$115)) | E6: =SUMPRODUCT(('Results Data'!$B$2:$B$115=$B6)*('Results Data'!$D$2:$D$115='Results Data'!$E$2:$E$115))+SUMPRODUCT(('Results Data'!$C$2:$C$115=$B6)*('Results Data'!$E$2:$E$115='Results Data'!$D$2:$D$115)) | F6: =C6-D6-E6 | G6: =SUMIF('Results Data'!$B$2:$B$115,$B6,'Results Data'!$D$2:$D$115)+SUMIF('Results Data'!$C$2:$C$115,$B6,'Results Data'!$E$2:$E$115) | H6: =SUMIF('Results Data'!$B$2:$B$115,$B6,'Results Data'!$E$2:$E$115)+SUMIF('Results Data'!$C$2:$C$115,$B6,'Results Data'!$D$2:$D$115) | I6: =G6-H6 | J6: =D6*3+E6
A7: =ROW()-1 | B7: Walsall | C7: =COUNTIF('Results Data'!$B$2:$B$115,$B7)+COUNTIF('Results Data'!$C$2:$C$115,$B7) | D7: =SUMPRODUCT(('Results Data'!$B$2:$B$115=$B7)*('Results Data'!$D$2:$D$115>'Results Data'!$E$2:$E$115))+SUMPRODUCT(('Results Data'!$C$2:$C$115=$B7)*('Results Data'!$E$2:$E$115>'Results Data'!$D$2:$D$115)) | E7: =SUMPRODUCT(('Results Data'!$B$2:$B$115=$B7)*('Results Data'!$D$2:$D$115='Results Data'!$E$2:$E$115))+SUMPRODUCT(('Results Data'!$C$2:$C$115=$B7)*('Results Data'!$E$2:$E$115='Results Data'!$D$2:$D$115)) | F7: =C7-D7-E7 | G7: =SUMIF('Results Data'!$B$2:$B$115,$B7,'Results Data'!$D$2:$D$115)+SUMIF('Results Data'!$C$2:$C$115,$B7,'Results Data'!$E$2:$E$115) | H7: =SUMIF('Results Data'!$B$2:$B$115,$B7,'Results Data'!$E$2:$E$115)+SUMIF('Results Data'!$C$2:$C$115,$B7,'Results Data'!$D$2:$D$115) | I7: =G7-H7 | J7: =D7*3+E7
A8: =ROW()-1 | B8: Chesterfield | C8: =COUNTIF('Results Data'!$B$2:$B$115,$B8)+COUNTIF('Results Data'!$C$2:$C$115,$B8) | D8: =SUMPRODUCT(('Results Data'!$B$2:$B$115=$B8)*('Results Data'!$D$2:$D$115>'Results Data'!$E$2:$E$115))+SUMPRODUCT(('Results Data'!$C$2:$C$115=$B8)*('Results Data'!$E$2:$E$115>'Results Data'!$D$2:$D$115)) | E8: =SUMPRODUCT(('Results Data'!$B$2:$B$115=$B8)*('Results Data'!$D$2:$D$115='Results Data'!$E$2:$E$115))+SUMPRODUCT(('Results Data'!$C$2:$C$115=$B8)*('Results Data'!$E$2:$E$115='Results Data'!$D$2:$D$115)) | F8: =C8-D8-E8 | G8: =SUMIF('Results Data'!$B$2:$B$115,$B8,'Results Data'!$D$2:$D$115)+SUMIF('Results Data'!$C$2:$C$115,$B8,'Results Data'!$E$2:$E$115) | H8: =SUMIF('Results Data'!$B$2:$B$115,$B8,'Results Data'!$E$2:$E$115)+SUMIF('Results Data'!$C$2:$C$115,$B8,'Results Data'!$D$2:$D$115) | I8: =G8-H8 | J8: =D8*3+E8
A9: =ROW()-1 | B9: Cheltenham Town | C9: =COUNTIF('Results Data'!$B$2:$B$115,$B9)+COUNTIF('Results Data'!$C$2:$C$115,$B9) | D9: =SUMPRODUCT(('Results Data'!$B$2:$B$115=$B9)*('Results Data'!$D$2:$D$115>'Results Data'!$E$2:$E$115))+SUMPRODUCT(('Results Data'!$C$2:$C$115=$B9)*('Results Data'!$E$2:$E$115>'Results Data'!$D$2:$D$115)) | E9: =SUMPRODUCT(('Results Data'!$B$2:$B$115=$B9)*('Results Data'!$D$2:$D$115='Results Data'!$E$2:$E$115))+SUMPRODUCT(('Results Data'!$C$2:$C$115=$B9)*('Results Data'!$E$2:$E$115='Results Data'!$D$2:$D$115)) | F9: =C9-D9-E9 | G9: =SUMIF('Results Data'!$B$2:$B$115,$B9,'Results Data'!$D$2:$D$115)+SUMIF('Results Data'!$C$2:$C$115,$B9,'Results Data'!$E$2:$E$115) | H9: =SUMIF('Results Data'!$B$2:$B$115,$B9,'Results Data'!$E$2:$E$115)+SUMIF('Results Data'!$C$2:$C$115,$B9,'Results Data'!$D$2:$D$115) | I9: =G9-H9 | J9: =D9*3+E9
A10: =ROW()-1 | B10: Bristol Rvs | C10: =COUNTIF('Results Data'!$B$2:$B$115,$B10)+COUNTIF('Results Data'!$C$2:$C$115,$B10) | D10: =SUMPRODUCT(('Results Data'!$B$2:$B$115=$B10)*('Results Data'!$D$2:$D$115>'Results Data'!$E$2:$E$115))+SUMPRODUCT(('Results Data'!$C$2:$C$115=$B10)*('Results Data'!$E$2:$E$115>'Results Data'!$D$2:$D$115)) | E10: =SUMPRODUCT(('Results Data'!$B$2:$B$115=$B10)*('Results Data'!$D$2:$D$115='Results Data'!$E$2:$E$115))+SUMPRODUCT(('Results Data'!$C$2:$C$115=$B10)*('Results Data'!$E$2:$E$115='Results Data'!$D$2:$D$115)) | F10: =C10-D10-E10 | G10: =SUMIF('Results Data'!$B$2:$B$115,$B10,'Results Data'!$D$2:$D$115)+SUMIF('Results Data'!$C$2:$C$115,$B10,'Results Data'!$E$2:$E$115) | H10: =SUMIF('Results Data'!$B$2:$B$115,$B10,'Results Data'!$E$2:$E$115)+SUMIF('Results Data'!$C$2:$C$115,$B10,'Results Data'!$D$2:$D$115) | I10: =G10-H10 | J10: =D10*3+E10
A11: =ROW()-1 | B11: Rochdale | C11: =COUNTIF('Results Data'!$B$2:$B$115,$B11)+COUNTIF('Results Data'!$C$2:$C$115,$B11) | D11: =SUMPRODUCT(('Results Data'!$B$2:$B$115=$B11)*('Results Data'!$D$2:$D$115>'Results Data'!$E$2:$E$115))+SUMPRODUCT(('Results Data'!$C$2:$C$115=$B11)*('Results Data'!$E$2:$E$115>'Results Data'!$D$2:$D$115)) | E11: =SUMPRODUCT(('Results Data'!$B$2:$B$115=$B11)*('Results Data'!$D$2:$D$115='Results Data'!$E$2:$E$115))+SUMPRODUCT(('Results Data'!$C$2:$C$115=$B11)*('Results Data'!$E$2:$E$115='Results Data'!$D$2:$D$115)) | F11: =C11-D11-E11 | G11: =SUMIF('Results Data'!$B$2:$B$115,$B11,'Results Data'!$D$2:$D$115)+SUMIF('Results Data'!$C$2:$C$115,$B11,'Results Data'!$E$2:$E$115) | H11: =SUMIF('Results Data'!$B$2:$B$115,$B11,'Results Data'!$E$2:$E$115)+SUMIF('Results Data'!$C$2:$C$115,$B11,'Results Data'!$D$2:$D$115) | I11: =G11-H11 | J11: =D11*3+E11
A12: =ROW()-1 | B12: Grimsby Town | C12: =COUNTIF('Results Data'!$B$2:$B$115,$B12)+COUNTIF('Results Data'!$C$2:$C$115,$B12) | D12: =SUMPRODUCT(('Results Data'!$B$2:$B$115=$B12)*('Results Data'!$D$2:$D$115>'Results Data'!$E$2:$E$115))+SUMPRODUCT(('Results Data'!$C$2:$C$115=$B12)*('Results Data'!$E$2:$E$115>'Results Data'!$D$2:$D$115)) | E12: =SUMPRODUCT(('Results Data'!$B$2:$B$115=$B12)*('Results Data'!$D$2:$D$115='Results Data'!$E$2:$E$115))+SUMPRODUCT(('Results Data'!$C$2:$C$115=$B12)*('Results Data'!$E$2:$E$115='Results Data'!$D$2:$D$115)) | F12: =C12-D12-E12 | G12: =SUMIF('Results Data'!$B$2:$B$115,$B12,'Results Data'!$D$2:$D$115)+SUMIF('Results Data'!$C$2:$C$115,$B12,'Results Data'!$E$2:$E$115) | H12: =SUMIF('Results Data'!$B$2:$B$115,$B12,'Results Data'!$E$2:$E$115)+SUMIF('Results Data'!$C$2:$C$115,$B12,'Results Data'!$D$2:$D$115) | I12: =G12-H12 | J12: =D12*3+E12
A13: =ROW()-1 | B13: Newport County | C13: =COUNTIF('Results Data'!$B$2:$B$115,$B13)+COUNTIF('Results Data'!$C$2:$C$115,$B13) | D13: =SUMPRODUCT(('Results Data'!$B$2:$B$115=$B13)*('Results Data'!$D$2:$D$115>'Results Data'!$E$2:$E$115))+SUMPRODUCT(('Results Data'!$C$2:$C$115=$B13)*('Results Data'!$E$2:$E$115>'Results Data'!$D$2:$D$115)) | E13: =SUMPRODUCT(('Results Data'!$B$2:$B$115=$B13)*('Results Data'!$D$2:$D$115='Results Data'!$E$2:$E$115))+SUMPRODUCT(('Results Data'!$C$2:$C$115=$B13)*('Results Data'!$E$2:$E$115='Results Data'!$D$2:$D$115)) | F13: =C13-D13-E13 | G13: =SUMIF('Results Data'!$B$2:$B$115,$B13,'Results Data'!$D$2:$D$115)+SUMIF('Results Data'!$C$2:$C$115,$B13,'Results Data'!$E$2:$E$115) | H13: =SUMIF('Results Data'!$B$2:$B$115,$B13,'Results Data'!$E$2:$E$115)+SUMIF('Results Data'!$C$2:$C$115,$B13,'Results Data'!$D$2:$D$115) | I13: =G13-H13 | J13: =D13*3+E13
... A25: =ROW()-1 | B25: Crawley Town | C25: =COUNTIF('Results Data'!$B$2:$B$115,$B25)+COUNTIF('Results Data'!$C$2:$C$115,$B25) | D25: =SUMPRODUCT(('Results Data'!$B$2:$B$115=$B25)*('Results Data'!$D$2:$D$115>'Results Data'!$E$2:$E$115))+SUMPRODUCT(('Results Data'!$C$2:$C$115=$B25)*('Results Data'!$E$2:$E$115>'Results Data'!$D$2:$D$115)) | E25: =SUMPRODUCT(('Results Data'!$B$2:$B$115=$B25)*('Results Data'!$D$2:$D$115='Results Data'!$E$2:$E$115))+SUMPRODUCT(('Results Data'!$C$2:$C$115=$B25)*('Results Data'!$E$2:$E$115='Results Data'!$D$2:$D$115)) | F25: =C25-D25-E25 | G25: =SUMIF('Results Data'!$B$2:$B$115,$B25,'Results Data'!$D$2:$D$115)+SUMIF('Results Data'!$C$2:$C$115,$B25,'Results Data'!$E$2:$E$115) | H25: =SUMIF('Results Data'!$B$2:$B$115,$B25,'Results Data'!$E$2:$E$115)+SUMIF('Results Data'!$C$2:$C$115,$B25,'Results Data'!$D$2:$D$115) | I25: =G25-H25 | J25: =D25*3+E25

Sheet Overview
A1: Team | B1: Matches Played | C1: Avg xG Delta (For) | D1: Avg xG Delta (Against) | E1: Avg xG Delta (For, Adj) | F1: Avg xG Delta (Against, Adj) | G1: Avg Supremacy Delta | H1: Current Form (6, For) | I1: Current Form (6, Against) | J1: Total xPts (Actual) | K1: Total xPts (Market) | L1: Avg xPts Delta
A2: Chesterfield | B2: ='Chesterfield'!$E$14 | C2: ='Chesterfield'!$E$17 | D2: ='Chesterfield'!$E$19 | E2: ='Chesterfield'!$E$21 | F2: ='Chesterfield'!$E$23 | G2: ='Chesterfield'!$E$25 | H2: ='Chesterfield'!$E$29 | I2: ='Chesterfield'!$E$30 | J2: ='Chesterfield'!$E$33 | K2: ='Chesterfield'!$E$34 | L2: ='Chesterfield'!$E$35
A3: Accrington Stanley | B3: ='Accrington Stanley'!$E$14 | C3: ='Accrington Stanley'!$E$17 | D3: ='Accrington Stanley'!$E$19 | E3: ='Accrington Stanley'!$E$21 | F3: ='Accrington Stanley'!$E$23 | G3: ='Accrington Stanley'!$E$25 | H3: ='Accrington Stanley'!$E$29 | I3: ='Accrington Stanley'!$E$30 | J3: ='Accrington Stanley'!$E$33 | K3: ='Accrington Stanley'!$E$34 | L3: ='Accrington Stanley'!$E$35
A4: Crawley Town | B4: ='Crawley Town'!$E$12 | C4: ='Crawley Town'!$E$15 | D4: ='Crawley Town'!$E$17 | E4: ='Crawley Town'!$E$19 | F4: ='Crawley Town'!$E$21 | G4: ='Crawley Town'!$E$23 | H4: ='Crawley Town'!$E$27 | I4: ='Crawley Town'!$E$28 | J4: ='Crawley Town'!$E$31 | K4: ='Crawley Town'!$E$32 | L4: ='Crawley Town'!$E$33
A5: York | B5: ='York'!$E$13 | C5: ='York'!$E$16 | D5: ='York'!$E$18 | E5: ='York'!$E$20 | F5: ='York'!$E$22 | G5: ='York'!$E$24 | H5: ='York'!$E$28 | I5: ='York'!$E$29 | J5: ='York'!$E$32 | K5: ='York'!$E$33 | L5: ='York'!$E$34
A6: Barnet | B6: ='Barnet'!$E$12 | C6: ='Barnet'!$E$15 | D6: ='Barnet'!$E$17 | E6: ='Barnet'!$E$19 | F6: ='Barnet'!$E$21 | G6: ='Barnet'!$E$23 | H6: ='Barnet'!$E$27 | I6: ='Barnet'!$E$28 | J6: ='Barnet'!$E$31 | K6: ='Barnet'!$E$32 | L6: ='Barnet'!$E$33
A7: Grimsby Town | B7: ='Grimsby Town'!$E$14 | C7: ='Grimsby Town'!$E$17 | D7: ='Grimsby Town'!$E$19 | E7: ='Grimsby Town'!$E$21 | F7: ='Grimsby Town'!$E$23 | G7: ='Grimsby Town'!$E$25 | H7: ='Grimsby Town'!$E$29 | I7: ='Grimsby Town'!$E$30 | J7: ='Grimsby Town'!$E$33 | K7: ='Grimsby Town'!$E$34 | L7: ='Grimsby Town'!$E$35
A8: Rotherham United | B8: ='Rotherham United'!$E$14 | C8: ='Rotherham United'!$E$17 | D8: ='Rotherham United'!$E$19 | E8: ='Rotherham United'!$E$21 | F8: ='Rotherham United'!$E$23 | G8: ='Rotherham United'!$E$25 | H8: ='Rotherham United'!$E$29 | I8: ='Rotherham United'!$E$30 | J8: ='Rotherham United'!$E$33 | K8: ='Rotherham United'!$E$34 | L8: ='Rotherham United'!$E$35
A9: Shrewsbury Town | B9: ='Shrewsbury Town'!$E$14 | C9: ='Shrewsbury Town'!$E$17 | D9: ='Shrewsbury Town'!$E$19 | E9: ='Shrewsbury Town'!$E$21 | F9: ='Shrewsbury Town'!$E$23 | G9: ='Shrewsbury Town'!$E$25 | H9: ='Shrewsbury Town'!$E$29 | I9: ='Shrewsbury Town'!$E$30 | J9: ='Shrewsbury Town'!$E$33 | K9: ='Shrewsbury Town'!$E$34 | L9: ='Shrewsbury Town'!$E$35
A10: Bristol Rvs | B10: ='Bristol Rvs'!$E$14 | C10: ='Bristol Rvs'!$E$17 | D10: ='Bristol Rvs'!$E$19 | E10: ='Bristol Rvs'!$E$21 | F10: ='Bristol Rvs'!$E$23 | G10: ='Bristol Rvs'!$E$25 | H10: ='Bristol Rvs'!$E$29 | I10: ='Bristol Rvs'!$E$30 | J10: ='Bristol Rvs'!$E$33 | K10: ='Bristol Rvs'!$E$34 | L10: ='Bristol Rvs'!$E$35
A11: Walsall | B11: ='Walsall'!$E$13 | C11: ='Walsall'!$E$16 | D11: ='Walsall'!$E$18 | E11: ='Walsall'!$E$20 | F11: ='Walsall'!$E$22 | G11: ='Walsall'!$E$24 | H11: ='Walsall'!$E$28 | I11: ='Walsall'!$E$29 | J11: ='Walsall'!$E$32 | K11: ='Walsall'!$E$33 | L11: ='Walsall'!$E$34
A12: Gillingham | B12: ='Gillingham'!$E$14 | C12: ='Gillingham'!$E$17 | D12: ='Gillingham'!$E$19 | E12: ='Gillingham'!$E$21 | F12: ='Gillingham'!$E$23 | G12: ='Gillingham'!$E$25 | H12: ='Gillingham'!$E$29 | I12: ='Gillingham'!$E$30 | J12: ='Gillingham'!$E$33 | K12: ='Gillingham'!$E$34 | L12: ='Gillingham'!$E$35
A13: Exeter | B13: ='Exeter'!$E$14 | C13: ='Exeter'!$E$17 | D13: ='Exeter'!$E$19 | E13: ='Exeter'!$E$21 | F13: ='Exeter'!$E$23 | G13: ='Exeter'!$E$25 | H13: ='Exeter'!$E$29 | I13: ='Exeter'!$E$30 | J13: ='Exeter'!$E$33 | K13: ='Exeter'!$E$34 | L13: ='Exeter'!$E$35
A14: Newport County | B14: ='Newport County'!$E$14 | C14: ='Newport County'!$E$17 | D14: ='Newport County'!$E$19 | E14: ='Newport County'!$E$21 | F14: ='Newport County'!$E$23 | G14: ='Newport County'!$E$25 | H14: ='Newport County'!$E$29 | I14: ='Newport County'!$E$30 | J14: ='Newport County'!$E$33 | K14: ='Newport County'!$E$34 | L14: ='Newport County'!$E$35
A15: Port Vale | B15: ='Port Vale'!$E$12 | C15: ='Port Vale'!$E$15 | D15: ='Port Vale'!$E$17 | E15: ='Port Vale'!$E$19 | F15: ='Port Vale'!$E$21 | G15: ='Port Vale'!$E$23 | H15: ='Port Vale'!$E$27 | I15: ='Port Vale'!$E$28 | J15: ='Port Vale'!$E$31 | K15: ='Port Vale'!$E$32 | L15: ='Port Vale'!$E$33
A16: Tranmere Rovers | B16: ='Tranmere Rovers'!$E$14 | C16: ='Tranmere Rovers'!$E$17 | D16: ='Tranmere Rovers'!$E$19 | E16: ='Tranmere Rovers'!$E$21 | F16: ='Tranmere Rovers'!$E$23 | G16: ='Tranmere Rovers'!$E$25 | H16: ='Tranmere Rovers'!$E$29 | I16: ='Tranmere Rovers'!$E$30 | J16: ='Tranmere Rovers'!$E$33 | K16: ='Tranmere Rovers'!$E$34 | L16: ='Tranmere Rovers'!$E$35
A17: Cheltenham Town | B17: ='Cheltenham Town'!$E$14 | C17: ='Cheltenham Town'!$E$17 | D17: ='Cheltenham Town'!$E$19 | E17: ='Cheltenham Town'!$E$21 | F17: ='Cheltenham Town'!$E$23 | G17: ='Cheltenham Town'!$E$25 | H17: ='Cheltenham Town'!$E$29 | I17: ='Cheltenham Town'!$E$30 | J17: ='Cheltenham Town'!$E$33 | K17: ='Cheltenham Town'!$E$34 | L17: ='Cheltenham Town'!$E$35
A18: Oldham Athletic | B18: ='Oldham Athletic'!$E$13 | C18: ='Oldham Athletic'!$E$16 | D18: ='Oldham Athletic'!$E$18 | E18: ='Oldham Athletic'!$E$20 | F18: ='Oldham Athletic'!$E$22 | G18: ='Oldham Athletic'!$E$24 | H18: ='Oldham Athletic'!$E$28 | I18: ='Oldham Athletic'!$E$29 | J18: ='Oldham Athletic'!$E$32 | K18: ='Oldham Athletic'!$E$33 | L18: ='Oldham Athletic'!$E$34
A19: Fleetwood Town | B19: ='Fleetwood Town'!$E$14 | C19: ='Fleetwood Town'!$E$17 | D19: ='Fleetwood Town'!$E$19 | E19: ='Fleetwood Town'!$E$21 | F19: ='Fleetwood Town'!$E$23 | G19: ='Fleetwood Town'!$E$25 | H19: ='Fleetwood Town'!$E$29 | I19: ='Fleetwood Town'!$E$30 | J19: ='Fleetwood Town'!$E$33 | K19: ='Fleetwood Town'!$E$34 | L19: ='Fleetwood Town'!$E$35
A20: Colchester United | B20: ='Colchester United'!$E$13 | C20: ='Colchester United'!$E$16 | D20: ='Colchester United'!$E$18 | E20: ='Colchester United'!$E$20 | F20: ='Colchester United'!$E$22 | G20: ='Colchester United'!$E$24 | H20: ='Colchester United'!$E$28 | I20: ='Colchester United'!$E$29 | J20: ='Colchester United'!$E$32 | K20: ='Colchester United'!$E$33 | L20: ='Colchester United'!$E$34
A21: Crewe Alexandra | B21: ='Crewe Alexandra'!$E$14 | C21: ='Crewe Alexandra'!$E$17 | D21: ='Crewe Alexandra'!$E$19 | E21: ='Crewe Alexandra'!$E$21 | F21: ='Crewe Alexandra'!$E$23 | G21: ='Crewe Alexandra'!$E$25 | H21: ='Crewe Alexandra'!$E$29 | I21: ='Crewe Alexandra'!$E$30 | J21: ='Crewe Alexandra'!$E$33 | K21: ='Crewe Alexandra'!$E$34 | L21: ='Crewe Alexandra'!$E$35
A22: Swindon Town | B22: ='Swindon Town'!$E$14 | C22: ='Swindon Town'!$E$17 | D22: ='Swindon Town'!$E$19 | E22: ='Swindon Town'!$E$21 | F22: ='Swindon Town'!$E$23 | G22: ='Swindon Town'!$E$25 | H22: ='Swindon Town'!$E$29 | I22: ='Swindon Town'!$E$30 | J22: ='Swindon Town'!$E$33 | K22: ='Swindon Town'!$E$34 | L22: ='Swindon Town'!$E$35
A23: Salford City | B23: ='Salford City'!$E$14 | C23: ='Salford City'!$E$17 | D23: ='Salford City'!$E$19 | E23: ='Salford City'!$E$21 | F23: ='Salford City'!$E$23 | G23: ='Salford City'!$E$25 | H23: ='Salford City'!$E$29 | I23: ='Salford City'!$E$30 | J23: ='Salford City'!$E$33 | K23: ='Salford City'!$E$34 | L23: ='Salford City'!$E$35
A24: Rochdale | B24: ='Rochdale'!$E$14 | C24: ='Rochdale'!$E$17 | D24: ='Rochdale'!$E$19 | E24: ='Rochdale'!$E$21 | F24: ='Rochdale'!$E$23 | G24: ='Rochdale'!$E$25 | H24: ='Rochdale'!$E$29 | I24: ='Rochdale'!$E$30 | J24: ='Rochdale'!$E$33 | K24: ='Rochdale'!$E$34 | L24: ='Rochdale'!$E$35
A25: Northampton Town | B25: ='Northampton Town'!$E$12 | C25: ='Northampton Town'!$E$15 | D25: ='Northampton Town'!$E$17 | E25: ='Northampton Town'!$E$19 | F25: ='Northampton Town'!$E$21 | G25: ='Northampton Town'!$E$23 | H25: ='Northampton Town'!$E$27 | I25: ='Northampton Town'!$E$28 | J25: ='Northampton Town'!$E$31 | K25: ='Northampton Town'!$E$32 | L25: ='Northampton Town'!$E$33

Sheet xPts Table
A1: Pos | B1: Team | C1: Matches | D1: xPts (Actual) | E1: xPts (Market) | F1: xPts Delta (Total)
A2: 1 | B2: Chesterfield | C2: ='Chesterfield'!$E$14 | D2: ='Chesterfield'!$E$33 | E2: ='Chesterfield'!$E$34 | F2: =D2-E2
A3: 2 | B3: Shrewsbury Town | C3: ='Shrewsbury Town'!$E$14 | D3: ='Shrewsbury Town'!$E$33 | E3: ='Shrewsbury Town'!$E$34 | F3: =D3-E3
A4: 3 | B4: Newport County | C4: ='Newport County'!$E$14 | D4: ='Newport County'!$E$33 | E4: ='Newport County'!$E$34 | F4: =D4-E4
A5: 4 | B5: Accrington Stanley | C5: ='Accrington Stanley'!$E$14 | D5: ='Accrington Stanley'!$E$33 | E5: ='Accrington Stanley'!$E$34 | F5: =D5-E5
A6: 5 | B6: Exeter | C6: ='Exeter'!$E$14 | D6: ='Exeter'!$E$33 | E6: ='Exeter'!$E$34 | F6: =D6-E6
A7: 6 | B7: Rotherham United | C7: ='Rotherham United'!$E$14 | D7: ='Rotherham United'!$E$33 | E7: ='Rotherham United'!$E$34 | F7: =D7-E7
A8: 7 | B8: York | C8: ='York'!$E$13 | D8: ='York'!$E$32 | E8: ='York'!$E$33 | F8: =D8-E8
A9: 8 | B9: Crawley Town | C9: ='Crawley Town'!$E$12 | D9: ='Crawley Town'!$E$31 | E9: ='Crawley Town'!$E$32 | F9: =D9-E9
A10: 9 | B10: Gillingham | C10: ='Gillingham'!$E$14 | D10: ='Gillingham'!$E$33 | E10: ='Gillingham'!$E$34 | F10: =D10-E10
A11: 10 | B11: Port Vale | C11: ='Port Vale'!$E$12 | D11: ='Port Vale'!$E$31 | E11: ='Port Vale'!$E$32 | F11: =D11-E11
A12: 11 | B12: Walsall | C12: ='Walsall'!$E$13 | D12: ='Walsall'!$E$32 | E12: ='Walsall'!$E$33 | F12: =D12-E12
A13: 12 | B13: Barnet | C13: ='Barnet'!$E$12 | D13: ='Barnet'!$E$31 | E13: ='Barnet'!$E$32 | F13: =D13-E13
A14: 13 | B14: Crewe Alexandra | C14: ='Crewe Alexandra'!$E$14 | D14: ='Crewe Alexandra'!$E$33 | E14: ='Crewe Alexandra'!$E$34 | F14: =D14-E14
A15: 14 | B15: Grimsby Town | C15: ='Grimsby Town'!$E$14 | D15: ='Grimsby Town'!$E$33 | E15: ='Grimsby Town'!$E$34 | F15: =D15-E15
A16: 15 | B16: Oldham Athletic | C16: ='Oldham Athletic'!$E$13 | D16: ='Oldham Athletic'!$E$32 | E16: ='Oldham Athletic'!$E$33 | F16: =D16-E16
A17: 16 | B17: Tranmere Rovers | C17: ='Tranmere Rovers'!$E$14 | D17: ='Tranmere Rovers'!$E$33 | E17: ='Tranmere Rovers'!$E$34 | F17: =D17-E17
A18: 17 | B18: Bristol Rvs | C18: ='Bristol Rvs'!$E$14 | D18: ='Bristol Rvs'!$E$33 | E18: ='Bristol Rvs'!$E$34 | F18: =D18-E18
A19: 18 | B19: Cheltenham Town | C19: ='Cheltenham Town'!$E$14 | D19: ='Cheltenham Town'!$E$33 | E19: ='Cheltenham Town'!$E$34 | F19: =D19-E19
A20: 19 | B20: Swindon Town | C20: ='Swindon Town'!$E$14 | D20: ='Swindon Town'!$E$33 | E20: ='Swindon Town'!$E$34 | F20: =D20-E20
A21: 20 | B21: Colchester United | C21: ='Colchester United'!$E$13 | D21: ='Colchester United'!$E$32 | E21: ='Colchester United'!$E$33 | F21: =D21-E21
A22: 21 | B22: Salford City | C22: ='Salford City'!$E$14 | D22: ='Salford City'!$E$33 | E22: ='Salford City'!$E$34 | F22: =D22-E22
A23: 22 | B23: Northampton Town | C23: ='Northampton Town'!$E$12 | D23: ='Northampton Town'!$E$31 | E23: ='Northampton Town'!$E$32 | F23: =D23-E23
A24: 23 | B24: Fleetwood Town | C24: ='Fleetwood Town'!$E$14 | D24: ='Fleetwood Town'!$E$33 | E24: ='Fleetwood Town'!$E$34 | F24: =D24-E24
A25: 24 | B25: Rochdale | C25: ='Rochdale'!$E$14 | D25: ='Rochdale'!$E$33 | E25: ='Rochdale'!$E$34 | F25: =D25-E25

Sheet Dashboard
A1: League Dashboard
A2: Charts reference Overview / xPts Table live - re-run the pipeline and they update automatically.

Sheet Data Quality
A1: Data Quality Checker
A3: No issues found across 114 fixtures.

Sheet Match Log
A1: Date | B1: Home Team | C1: Away Team | D1: Home Goals | E1: Away Goals | F1: Home xG Pre-Match | G1: Away xG Pre-Match | H1: Home xG Actual | I1: Away xG Actual | J1: Home xG Delta | K1: Away xG Delta | L1: Supremacy Delta (Home) | M1: Total xG Delta | N1: Home xPts (Actual) | O1: Away xPts (Actual) | P1: Home xPts (Market) | Q1: Away xPts (Market)
A2: 2026-08-15 | B2: Accrington Stanley | C2: Colchester United | D2: 2 | E2: 2 | F2: 1.33 | G2: 1.19 | H2: 2.78 | I2: 0.74 | J2: 1.45 | K2: -0.45 | L2: 1.9 | M2: 1 | N2: 2.52 | O2: 0.35 | P2: 1.47 | Q2: 1.26
A3: 2026-08-15 | B3: York | C3: Bristol Rvs | D3: 3 | E3: 2 | F3: 1.41 | G3: 1.09 | H3: 1.93 | I3: 1.83 | J3: 0.52 | K3: 0.74 | L3: -0.22 | M3: 1.25 | N3: 1.45 | O3: 1.33 | P3: 1.59 | Q3: 1.14
A4: 2026-08-15 | B4: Crawley Town | C4: Crewe Alexandra | D4: 0 | E4: 1 | F4: 1.33 | G4: 1.29 | H4: 0.93 | I4: 2.2 | J4: -0.4 | K4: 0.91 | L4: -1.32 | M4: 0.51 | N4: 0.63 | O4: 2.18 | P4: 1.4 | Q4: 1.34
A5: 2026-08-15 | B5: Cheltenham Town | C5: Rotherham United | D5: 2 | E5: 1 | F5: 1.3 | G5: 1.36 | H5: 0.6 | I5: 2.2 | J5: -0.7 | K5: 0.84 | L5: -1.54 | M5: 0.14 | N5: 0.43 | O5: 2.4 | P5: 1.33 | Q5: 1.41
A6: 2026-08-15 | B6: Gillingham | C6: Walsall | D6: 0 | E6: 3 | F6: 1.43 | G6: 1.15 | H6: 1.45 | I6: 3.1 | J6: 0.02 | K6: 1.95 | L6: -1.94 | M6: 1.97 | N6: 0.59 | O6: 2.26 | P6: 1.57 | Q6: 1.17
A7: 2026-08-15 | B7: Chesterfield | C7: Fleetwood Town | D7: 0 | E7: 1 | F7: 1.63 | G7: 0.95 | H7: 2.17 | I7: 1.11 | J7: 0.54 | K7: 0.16 | L7: 0.38 | M7: 0.69 | N7: 2.04 | O7: 0.76 | P7: 1.85 | Q7: 0.91
A8: 2026-08-15 | B8: Newport County | C8: Rochdale | D8: 3 | E8: 0 | F8: 1.2 | G8: 1.39 | H8: 1.15 | I8: 0.16 | J8: -0.05 | K8: -1.23 | L8: 1.18 | M8: -1.28 | N8: 2.2 | O8: 0.47 | P8: 1.24 | Q8: 1.5
A9: 2026-08-15 | B9: Northampton Town | C9: Swindon Town | D9: 0 | E9: 0 | F9: 1.51 | G9: 1.14 | H9: 0.76 | I9: 0.2 | J9: -0.75 | K9: -0.94 | L9: 0.19 | M9: -1.7 | N9: 1.84 | O9: 0.72 | P9: 1.63 | Q9: 1.11
A10: 2026-08-15 | B10: Grimsby Town | C10: Exeter | D10: 1 | E10: 0 | F10: 1.7 | G10: 1.02 | H10: 1.43 | I10: 0.75 | J10: -0.27 | K10: -0.27 | L10: 0 | M10: -0.54 | N10: 1.87 | O10: 0.86 | P10: 1.84 | Q10: 0.92
A11: 2026-08-15 | B11: Tranmere Rovers | C11: Shrewsbury Town | D11: 2 | E11: 0 | F11: 1.4 | G11: 1.1 | H11: 1.16 | I11: 1.28 | J11: -0.24 | K11: 0.18 | L11: -0.42 | M11: -0.06 | N11: 1.28 | O11: 1.45 | P11: 1.58 | Q11: 1.15
A12: 2026-08-15 | B12: Barnet | C12: Salford City | D12: 3 | E12: 1 | F12: 1.42 | G12: 1.18 | H12: 1.62 | I12: 0.92 | J12: 0.2 | K12: -0.26 | L12: 0.46 | M12: -0.05 | N12: 1.86 | O12: 0.89 | P12: 1.54 | Q12: 1.2
A13: 2026-08-15 | B13: Oldham Athletic | C13: Port Vale | D13: 2 | E13: 0 | F13: 1.28 | G13: 1.23 | H13: 1.43 | I13: 0.51 | J13: 0.15 | K13: -0.72 | L13: 0.88 | M13: -0.57 | N13: 2.07 | O13: 0.66 | P13: 1.4 | Q13: 1.33
... A115: 2026-10-10 | B115: York | C115: Northampton Town | D115: 1 | E115: 1 | F115: 1.83 | G115: 0.95 | H115: 2.31 | I115: 0.98 | J115: 0.48 | K115: 0.03 | L115: 0.45 | M115: 0.51 | N115: 2.2 | O115: 0.62 | P115: 1.97 | Q115: 0.81

Sheet Home & Away Splits
A1: Supremacy Delta - Total / Home / Away
A2: Team | B2: Total Avg | C2: Total Median | D2: Home Avg | E2: Home Median | F2: Away Avg | G2: Away Median
A3: Chesterfield | B3: 0.59 | C3: 0.97 | D3: 0.79 | E3: 0.54 | F3: 0.39 | G3: 1.41
A4: Shrewsbury Town | B4: 0.54 | C4: 0.42 | D4: 0.26 | E4: 0.25 | F4: 0.82 | G4: 0.48
A5: Accrington Stanley | B5: 0.46 | C5: 0.39 | D5: 0.91 | E5: 0.94 | F5: 0.01 | G5: -0.04
A6: York | B6: 0.37 | C6: 0.63 | D6: 0.34 | E6: 0.45 | F6: 0.41 | G6: 0.93
A7: Exeter | B7: 0.35 | C7: 0.51 | D7: 0.81 | E7: 1.06 | F7: -0.1 | G7: 0
A8: Newport County | B8: 0.34 | C8: 0.49 | D8: 0.83 | E8: 1.03 | F8: -0.16 | G8: 0.36
A9: Rotherham United | B9: 0.31 | C9: 0.48 | D9: 0.14 | E9: -0.06 | F9: 0.48 | G9: 0.57
A10: Port Vale | B10: 0.2 | C10: 0.04 | D10: 0.88 | E10: 0.62 | F10: -0.49 | G10: -0.55
A11: Gillingham | B11: 0.16 | C11: 0.35 | D11: -0.05 | E11: 0.22 | F11: 0.38 | G11: 0.65
A12: Crawley Town | B12: 0.11 | C12: -0.33 | D12: -0.41 | E12: -0.72 | F12: 0.63 | G12: 1.06
A13: Bristol Rvs | B13: 0.01 | C13: -0.03 | D13: 0.73 | E13: 0.58 | F13: -0.71 | G13: -1.1
A14: Walsall | B14: 0.01 | C14: 0.22 | D14: 0.12 | E14: 0.32 | F14: -0.07 | G14: -0.43
... A26: Rochdale | B26: -0.74 | C26: -0.75 | D26: -1.18 | E26: -1.53 | F26: -0.3 | G26: -0.18
A28: Total Goals - Total / Home / Away
A29: Team | B29: Total GF | C29: Total GA | D29: Home GF | E29: Home GA | F29: Away GF | G29: Away GA
A30: Chesterfield | B30: 17 | C30: 14 | D30: 10 | E30: 7 | F30: 7 | G30: 7
A31: Shrewsbury Town | B31: 9 | C31: 15 | D31: 6 | E31: 6 | F31: 3 | G31: 9
A32: Accrington Stanley | B32: 13 | C32: 14 | D32: 9 | E32: 6 | F32: 4 | G32: 8
A33: York | B33: 17 | C33: 11 | D33: 13 | E33: 4 | F33: 4 | G33: 7
A34: Exeter | B34: 6 | C34: 6 | D34: 4 | E34: 1 | F34: 2 | G34: 5
A35: Newport County | B35: 13 | C35: 12 | D35: 9 | E35: 4 | F35: 4 | G35: 8
A36: Rotherham United | B36: 12 | C36: 16 | D36: 8 | E36: 10 | F36: 4 | G36: 6
A37: Port Vale | B37: 4 | C37: 9 | D37: 3 | E37: 1 | F37: 1 | G37: 8
A38: Gillingham | B38: 15 | C38: 10 | D38: 6 | E38: 4 | F38: 9 | G38: 6
A39: Crawley Town | B39: 8 | C39: 15 | D39: 3 | E39: 8 | F39: 5 | G39: 7
A40: Bristol Rvs | B40: 15 | C40: 17 | D40: 10 | E40: 6 | F40: 5 | G40: 11
A41: Walsall | B41: 12 | C41: 6 | D41: 5 | E41: 2 | F41: 7 | G41: 4
... A53: Rochdale | B53: 11 | C53: 12 | D53: 8 | E53: 6 | F53: 3 | G53: 6

Sheet Supremacy Delta
A1: Team | B1: Average | C1: MW1 | D1: MW2 | E1: MW3 | F1: MW4 | G1: MW5 | H1: MW6 | I1: MW7 | J1: MW8 | K1: MW9 | L1: MW10
A2: Chesterfield | B2: ='Chesterfield'!$E$25 | C2: ='Chesterfield'!$R$2 | D2: ='Chesterfield'!$R$3 | E2: ='Chesterfield'!$R$4 | F2: ='Chesterfield'!$R$5 | G2: ='Chesterfield'!$R$6 | H2: ='Chesterfield'!$R$7 | I2: ='Chesterfield'!$R$8 | J2: ='Chesterfield'!$R$9 | K2: ='Chesterfield'!$R$10 | L2: ='Chesterfield'!$R$11
A3: Shrewsbury Town | B3: ='Shrewsbury Town'!$E$25 | C3: ='Shrewsbury Town'!$R$2 | D3: ='Shrewsbury Town'!$R$3 | E3: ='Shrewsbury Town'!$R$4 | F3: ='Shrewsbury Town'!$R$5 | G3: ='Shrewsbury Town'!$R$6 | H3: ='Shrewsbury Town'!$R$7 | I3: ='Shrewsbury Town'!$R$8 | J3: ='Shrewsbury Town'!$R$9 | K3: ='Shrewsbury Town'!$R$10 | L3: ='Shrewsbury Town'!$R$11
A4: Accrington Stanley | B4: ='Accrington Stanley'!$E$25 | C4: ='Accrington Stanley'!$R$2 | D4: ='Accrington Stanley'!$R$3 | E4: ='Accrington Stanley'!$R$4 | F4: ='Accrington Stanley'!$R$5 | G4: ='Accrington Stanley'!$R$6 | H4: ='Accrington Stanley'!$R$7 | I4: ='Accrington Stanley'!$R$8 | J4: ='Accrington Stanley'!$R$9 | K4: ='Accrington Stanley'!$R$10 | L4: ='Accrington Stanley'!$R$11
A5: York | B5: ='York'!$E$24 | C5: ='York'!$R$2 | D5: ='York'!$R$3 | E5: ='York'!$R$4 | F5: ='York'!$R$5 | G5: ='York'!$R$6 | H5: ='York'!$R$7 | I5: ='York'!$R$8 | J5: ='York'!$R$9 | K5: ='York'!$R$10
A6: Exeter | B6: ='Exeter'!$E$25 | C6: ='Exeter'!$R$2 | D6: ='Exeter'!$R$3 | E6: ='Exeter'!$R$4 | F6: ='Exeter'!$R$5 | G6: ='Exeter'!$R$6 | H6: ='Exeter'!$R$7 | I6: ='Exeter'!$R$8 | J6: ='Exeter'!$R$9 | K6: ='Exeter'!$R$10 | L6: ='Exeter'!$R$11
A7: Newport County | B7: ='Newport County'!$E$25 | C7: ='Newport County'!$R$2 | D7: ='Newport County'!$R$3 | E7: ='Newport County'!$R$4 | F7: ='Newport County'!$R$5 | G7: ='Newport County'!$R$6 | H7: ='Newport County'!$R$7 | I7: ='Newport County'!$R$8 | J7: ='Newport County'!$R$9 | K7: ='Newport County'!$R$10 | L7: ='Newport County'!$R$11
A8: Rotherham United | B8: ='Rotherham United'!$E$25 | C8: ='Rotherham United'!$R$2 | D8: ='Rotherham United'!$R$3 | E8: ='Rotherham United'!$R$4 | F8: ='Rotherham United'!$R$5 | G8: ='Rotherham United'!$R$6 | H8: ='Rotherham United'!$R$7 | I8: ='Rotherham United'!$R$8 | J8: ='Rotherham United'!$R$9 | K8: ='Rotherham United'!$R$10 | L8: ='Rotherham United'!$R$11
A9: Port Vale | B9: ='Port Vale'!$E$23 | C9: ='Port Vale'!$R$2 | D9: ='Port Vale'!$R$3 | E9: ='Port Vale'!$R$4 | F9: ='Port Vale'!$R$5 | G9: ='Port Vale'!$R$6 | H9: ='Port Vale'!$R$7 | I9: ='Port Vale'!$R$8 | J9: ='Port Vale'!$R$9
A10: Gillingham | B10: ='Gillingham'!$E$25 | C10: ='Gillingham'!$R$2 | D10: ='Gillingham'!$R$3 | E10: ='Gillingham'!$R$4 | F10: ='Gillingham'!$R$5 | G10: ='Gillingham'!$R$6 | H10: ='Gillingham'!$R$7 | I10: ='Gillingham'!$R$8 | J10: ='Gillingham'!$R$9 | K10: ='Gillingham'!$R$10 | L10: ='Gillingham'!$R$11
A11: Crawley Town | B11: ='Crawley Town'!$E$23 | C11: ='Crawley Town'!$R$2 | D11: ='Crawley Town'!$R$3 | E11: ='Crawley Town'!$R$4 | F11: ='Crawley Town'!$R$5 | G11: ='Crawley Town'!$R$6 | H11: ='Crawley Town'!$R$7 | I11: ='Crawley Town'!$R$8 | J11: ='Crawley Town'!$R$9
A12: Bristol Rvs | B12: ='Bristol Rvs'!$E$25 | C12: ='Bristol Rvs'!$R$2 | D12: ='Bristol Rvs'!$R$3 | E12: ='Bristol Rvs'!$R$4 | F12: ='Bristol Rvs'!$R$5 | G12: ='Bristol Rvs'!$R$6 | H12: ='Bristol Rvs'!$R$7 | I12: ='Bristol Rvs'!$R$8 | J12: ='Bristol Rvs'!$R$9 | K12: ='Bristol Rvs'!$R$10 | L12: ='Bristol Rvs'!$R$11
A13: Walsall | B13: ='Walsall'!$E$24 | C13: ='Walsall'!$R$2 | D13: ='Walsall'!$R$3 | E13: ='Walsall'!$R$4 | F13: ='Walsall'!$R$5 | G13: ='Walsall'!$R$6 | H13: ='Walsall'!$R$7 | I13: ='Walsall'!$R$8 | J13: ='Walsall'!$R$9 | K13: ='Walsall'!$R$10
A14: Grimsby Town | B14: ='Grimsby Town'!$E$25 | C14: ='Grimsby Town'!$R$2 | D14: ='Grimsby Town'!$R$3 | E14: ='Grimsby Town'!$R$4 | F14: ='Grimsby Town'!$R$5 | G14: ='Grimsby Town'!$R$6 | H14: ='Grimsby Town'!$R$7 | I14: ='Grimsby Town'!$R$8 | J14: ='Grimsby Town'!$R$9 | K14: ='Grimsby Town'!$R$10 | L14: ='Grimsby Town'!$R$11
A15: Barnet | B15: ='Barnet'!$E$23 | C15: ='Barnet'!$R$2 | D15: ='Barnet'!$R$3 | E15: ='Barnet'!$R$4 | F15: ='Barnet'!$R$5 | G15: ='Barnet'!$R$6 | H15: ='Barnet'!$R$7 | I15: ='Barnet'!$R$8 | J15: ='Barnet'!$R$9
A16: Oldham Athletic | B16: ='Oldham Athletic'!$E$24 | C16: ='Oldham Athletic'!$R$2 | D16: ='Oldham Athletic'!$R$3 | E16: ='Oldham Athletic'!$R$4 | F16: ='Oldham Athletic'!$R$5 | G16: ='Oldham Athletic'!$R$6 | H16: ='Oldham Athletic'!$R$7 | I16: ='Oldham Athletic'!$R$8 | J16: ='Oldham Athletic'!$R$9 | K16: ='Oldham Athletic'!$R$10
A17: Crewe Alexandra | B17: ='Crewe Alexandra'!$E$25 | C17: ='Crewe Alexandra'!$R$2 | D17: ='Crewe Alexandra'!$R$3 | E17: ='Crewe Alexandra'!$R$4 | F17: ='Crewe Alexandra'!$R$5 | G17: ='Crewe Alexandra'!$R$6 | H17: ='Crewe Alexandra'!$R$7 | I17: ='Crewe Alexandra'!$R$8 | J17: ='Crewe Alexandra'!$R$9 | K17: ='Crewe Alexandra'!$R$10 | L17: ='Crewe Alexandra'!$R$11
A18: Tranmere Rovers | B18: ='Tranmere Rovers'!$E$25 | C18: ='Tranmere Rovers'!$R$2 | D18: ='Tranmere Rovers'!$R$3 | E18: ='Tranmere Rovers'!$R$4 | F18: ='Tranmere Rovers'!$R$5 | G18: ='Tranmere Rovers'!$R$6 | H18: ='Tranmere Rovers'!$R$7 | I18: ='Tranmere Rovers'!$R$8 | J18: ='Tranmere Rovers'!$R$9 | K18: ='Tranmere Rovers'!$R$10 | L18: ='Tranmere Rovers'!$R$11
A19: Swindon Town | B19: ='Swindon Town'!$E$25 | C19: ='Swindon Town'!$R$2 | D19: ='Swindon Town'!$R$3 | E19: ='Swindon Town'!$R$4 | F19: ='Swindon Town'!$R$5 | G19: ='Swindon Town'!$R$6 | H19: ='Swindon Town'!$R$7 | I19: ='Swindon Town'!$R$8 | J19: ='Swindon Town'!$R$9 | K19: ='Swindon Town'!$R$10 | L19: ='Swindon Town'!$R$11
A20: Cheltenham Town | B20: ='Cheltenham Town'!$E$25 | C20: ='Cheltenham Town'!$R$2 | D20: ='Cheltenham Town'!$R$3 | E20: ='Cheltenham Town'!$R$4 | F20: ='Cheltenham Town'!$R$5 | G20: ='Cheltenham Town'!$R$6 | H20: ='Cheltenham Town'!$R$7 | I20: ='Cheltenham Town'!$R$8 | J20: ='Cheltenham Town'!$R$9 | K20: ='Cheltenham Town'!$R$10 | L20: ='Cheltenham Town'!$R$11
A21: Salford City | B21: ='Salford City'!$E$25 | C21: ='Salford City'!$R$2 | D21: ='Salford City'!$R$3 | E21: ='Salford City'!$R$4 | F21: ='Salford City'!$R$5 | G21: ='Salford City'!$R$6 | H21: ='Salford City'!$R$7 | I21: ='Salford City'!$R$8 | J21: ='Salford City'!$R$9 | K21: ='Salford City'!$R$10 | L21: ='Salford City'!$R$11
A22: Colchester United | B22: ='Colchester United'!$E$24 | C22: ='Colchester United'!$R$2 | D22: ='Colchester United'!$R$3 | E22: ='Colchester United'!$R$4 | F22: ='Colchester United'!$R$5 | G22: ='Colchester United'!$R$6 | H22: ='Colchester United'!$R$7 | I22: ='Colchester United'!$R$8 | J22: ='Colchester United'!$R$9 | K22: ='Colchester United'!$R$10
A23: Northampton Town | B23: ='Northampton Town'!$E$23 | C23: ='Northampton Town'!$R$2 | D23: ='Northampton Town'!$R$3 | E23: ='Northampton Town'!$R$4 | F23: ='Northampton Town'!$R$5 | G23: ='Northampton Town'!$R$6 | H23: ='Northampton Town'!$R$7 | I23: ='Northampton Town'!$R$8 | J23: ='Northampton Town'!$R$9
A24: Fleetwood Town | B24: ='Fleetwood Town'!$E$25 | C24: ='Fleetwood Town'!$R$2 | D24: ='Fleetwood Town'!$R$3 | E24: ='Fleetwood Town'!$R$4 | F24: ='Fleetwood Town'!$R$5 | G24: ='Fleetwood Town'!$R$6 | H24: ='Fleetwood Town'!$R$7 | I24: ='Fleetwood Town'!$R$8 | J24: ='Fleetwood Town'!$R$9 | K24: ='Fleetwood Town'!$R$10 | L24: ='Fleetwood Town'!$R$11
A25: Rochdale | B25: ='Rochdale'!$E$25 | C25: ='Rochdale'!$R$2 | D25: ='Rochdale'!$R$3 | E25: ='Rochdale'!$R$4 | F25: ='Rochdale'!$R$5 | G25: ='Rochdale'!$R$6 | H25: ='Rochdale'!$R$7 | I25: ='Rochdale'!$R$8 | J25: ='Rochdale'!$R$9 | K25: ='Rochdale'!$R$10 | L25: ='Rochdale'!$R$11

Sheet Supremacy Delta (Home)
A1: Team | B1: Average | C1: H1 | D1: H2 | E1: H3 | F1: H4 | G1: H5
A2: Accrington Stanley | B2: 0.91 | C2: 1.9 | D2: 0.94 | E2: 0.09 | F2: -0.36 | G2: 2
A3: Port Vale | B3: 0.88 | C3: 0.31 | D3: -0.43 | E3: 0.93 | F3: 2.71
A4: Newport County | B4: 0.83 | C4: 1.18 | D4: 0.08 | E4: 1.97 | F4: -0.09 | G4: 1.03
A5: Exeter | B5: 0.81 | C5: 1.11 | D5: 0.61 | E5: 1.06 | F5: -0.44 | G5: 1.7
A6: Chesterfield | B6: 0.79 | C6: 0.38 | D6: 0.54 | E6: -0.34 | F6: 1.62 | G6: 1.73
A7: Grimsby Town | B7: 0.77 | C7: 0 | D7: 0.68 | E7: 1.15 | F7: 2.44 | G7: -0.43
A8: Bristol Rvs | B8: 0.73 | C8: 2.44 | D8: 1.48 | E8: -0.57 | F8: 0.58 | G8: -0.29
A9: York | B9: 0.34 | C9: -0.22 | D9: -0.56 | E9: 1.15 | F9: 0.86 | G9: 0.45
A10: Colchester United | B10: 0.29 | C10: 2.02 | D10: 0.1 | E10: 0.28 | F10: -1.23
A11: Shrewsbury Town | B11: 0.26 | C11: 1.29 | D11: 0.25 | E11: 0.34 | F11: -0.14 | G11: -0.46
A12: Barnet | B12: 0.2 | C12: 0.46 | D12: -0.57 | E12: 0.74 | F12: 0.16
A13: Rotherham United | B13: 0.14 | C13: -1.39 | D13: 2.07 | E13: 1.16 | F13: -0.06 | G13: -1.1
A14: Swindon Town | B14: 0.13 | C14: -0.76 | D14: 1.82 | E14: 0.51 | F14: 0.04 | G14: -0.94
A15: Walsall | B15: 0.12 | C15: 0.41 | D15: -0.68 | E15: 0.53 | F15: 0.22
A16: Tranmere Rovers | B16: -0.03 | C16: -0.42 | D16: -1.58 | E16: 0.28 | F16: 1.39 | G16: 0.18
A17: Gillingham | B17: -0.05 | C17: -1.94 | D17: 0.48 | E17: 0.22 | F17: 2.38 | G17: -1.4
A18: Oldham Athletic | B18: -0.07 | C18: 0.88 | D18: 2.16 | E18: -1.49 | F18: -0.64 | G18: -1.27
A19: Fleetwood Town | B19: -0.36 | C19: -0.65 | D19: -0.59 | E19: -0.48 | F19: -0.49 | G19: 0.43
A20: Crawley Town | B20: -0.41 | C20: -1.32 | D20: -0.88 | E20: -0.57 | F20: 1.11
A21: Salford City | B21: -0.56 | C21: -2.23 | D21: 0.73 | E21: -0.98 | F21: -0.9 | G21: 0.57
A22: Crewe Alexandra | B22: -0.63 | C22: -0.62 | D22: -0.58 | E22: -1.22 | F22: -1.82 | G22: 1.1
A23: Cheltenham Town | B23: -0.72 | C23: -1.54 | D23: -0.63 | E23: 0.21 | F23: -1.41 | G23: -0.22
A24: Northampton Town | B24: -0.92 | C24: 0.19 | D24: -2.84 | E24: -0.62 | F24: -0.4
A25: Rochdale | B25: -1.18 | C25: -2.2 | D25: -0.97 | E25: -1.53 | F25: -1.53 | G25: 0.35

Sheet Supremacy Delta (Away)
A1: Team | B1: Average | C1: A1 | D1: A2 | E1: A3 | F1: A4 | G1: A5
A2: Shrewsbury Town | B2: 0.82 | C2: 0.42 | D2: 0.97 | E2: 0.48 | F2: 1.82 | G2: 0.43
A3: Crawley Town | B3: 0.63 | C3: 2.2 | D3: 2.84 | E3: -0.09 | F3: -2.44
A4: Crewe Alexandra | B4: 0.49 | C4: 1.32 | D4: 0.43 | E4: -0.28 | F4: 0.06 | G4: 0.94
A5: Rotherham United | B5: 0.48 | C5: 1.54 | D5: 1.58 | E5: 0.57 | F5: 0.4 | G5: -1.7
A6: York | B6: 0.4 | C6: 1.39 | D6: 0.63 | E6: 1.22 | F6: -1.62
A7: Chesterfield | B7: 0.39 | C7: 2.23 | D7: -2.07 | E7: 1.49 | F7: 1.41 | G7: -1.11
A8: Gillingham | B8: 0.38 | C8: 0.65 | D8: -0.54 | E8: 1.53 | F8: -0.86 | G8: 1.1
A9: Cheltenham Town | B9: 0.23 | C9: 0.76 | D9: 0.57 | E9: 0.57 | F9: 1.23 | G9: -2
A10: Accrington Stanley | B10: 0.01 | C10: -1.11 | D10: 0.68 | E10: -0.74 | F10: -0.04 | G10: 1.27
A11: Oldham Athletic | B11: -0.05 | C11: -2.02 | D11: 0.59 | E11: -0.28 | F11: 1.53
A12: Walsall | B12: -0.07 | C12: 1.94 | D12: 0.58 | E12: -1.06 | F12: -1.39 | G12: -0.43
A13: Exeter | B13: -0.1 | C13: 0 | D13: 0.56 | E13: -0.93 | F13: -0.58 | G13: 0.46
A14: Newport County | B14: -0.16 | C14: -2.44 | D14: -0.73 | E14: 0.62 | F14: 0.36 | G14: 1.4
A15: Northampton Town | B15: -0.16 | C15: 0.62 | D15: -0.48 | E15: -0.34 | F15: -0.45
A16: Salford City | B16: -0.2 | C16: -0.46 | D16: -0.25 | E16: -1.16 | F16: 0.64 | G16: 0.22
A17: Rochdale | B17: -0.3 | C17: -1.18 | D17: -0.1 | E17: -0.53 | F17: 0.49 | G17: -0.18
A18: Barnet | B18: -0.32 | C18: -1.29 | D18: -0.61 | E18: 0.34 | F18: 0.29
A19: Tranmere Rovers | B19: -0.38 | C19: -0.31 | D19: -0.08 | E19: -0.22 | F19: 0.44 | G19: -1.73
A20: Port Vale | B20: -0.49 | C20: -0.88 | D20: -1.82 | E20: 0.98 | F20: -0.22
A21: Swindon Town | B21: -0.59 | C21: -0.19 | D21: -2.16 | E21: -1.15 | F21: 0.9 | G21: -0.35
A22: Bristol Rvs | B22: -0.71 | C22: 0.22 | D22: 0.88 | E22: -1.15 | F22: -2.38 | G22: -1.1
A23: Fleetwood Town | B23: -0.75 | C23: -0.38 | D23: -0.68 | E23: -1.97 | F23: -0.16 | G23: -0.57
A24: Grimsby Town | B24: -0.84 | C24: -0.41 | D24: -0.94 | E24: -0.21 | F24: 0.09 | G24: -2.71
A25: Colchester United | B25: -0.96 | C25: -1.9 | D25: -1.48 | E25: -0.51 | F25: 0.14 | G25: -1.03

Sheet Total xG Delta
A1: Team | B1: Average | C1: MW1 | D1: MW2 | E1: MW3 | F1: MW4 | G1: MW5 | H1: MW6 | I1: MW7 | J1: MW8 | K1: MW9 | L1: MW10 | M1: Median
A2: Barnet | B2: ='Barnet'!$E$25 | C2: ='Barnet'!$S$2 | D2: ='Barnet'!$S$3 | E2: ='Barnet'!$S$4 | F2: ='Barnet'!$S$5 | G2: ='Barnet'!$S$6 | H2: ='Barnet'!$S$7 | I2: ='Barnet'!$S$8 | J2: ='Barnet'!$S$9 | M2: ='Barnet'!$E$26
A3: Chesterfield | B3: ='Chesterfield'!$E$27 | C3: ='Chesterfield'!$S$2 | D3: ='Chesterfield'!$S$3 | E3: ='Chesterfield'!$S$4 | F3: ='Chesterfield'!$S$5 | G3: ='Chesterfield'!$S$6 | H3: ='Chesterfield'!$S$7 | I3: ='Chesterfield'!$S$8 | J3: ='Chesterfield'!$S$9 | K3: ='Chesterfield'!$S$10 | L3: ='Chesterfield'!$S$11 | M3: ='Chesterfield'!$E$28
A4: Crawley Town | B4: ='Crawley Town'!$E$25 | C4: ='Crawley Town'!$S$2 | D4: ='Crawley Town'!$S$3 | E4: ='Crawley Town'!$S$4 | F4: ='Crawley Town'!$S$5 | G4: ='Crawley Town'!$S$6 | H4: ='Crawley Town'!$S$7 | I4: ='Crawley Town'!$S$8 | J4: ='Crawley Town'!$S$9 | M4: ='Crawley Town'!$E$26
A5: Grimsby Town | B5: ='Grimsby Town'!$E$27 | C5: ='Grimsby Town'!$S$2 | D5: ='Grimsby Town'!$S$3 | E5: ='Grimsby Town'!$S$4 | F5: ='Grimsby Town'!$S$5 | G5: ='Grimsby Town'!$S$6 | H5: ='Grimsby Town'!$S$7 | I5: ='Grimsby Town'!$S$8 | J5: ='Grimsby Town'!$S$9 | K5: ='Grimsby Town'!$S$10 | L5: ='Grimsby Town'!$S$11 | M5: ='Grimsby Town'!$E$28
A6: Accrington Stanley | B6: ='Accrington Stanley'!$E$27 | C6: ='Accrington Stanley'!$S$2 | D6: ='Accrington Stanley'!$S$3 | E6: ='Accrington Stanley'!$S$4 | F6: ='Accrington Stanley'!$S$5 | G6: ='Accrington Stanley'!$S$6 | H6: ='Accrington Stanley'!$S$7 | I6: ='Accrington Stanley'!$S$8 | J6: ='Accrington Stanley'!$S$9 | K6: ='Accrington Stanley'!$S$10 | L6: ='Accrington Stanley'!$S$11 | M6: ='Accrington Stanley'!$E$28
A7: York | B7: ='York'!$E$26 | C7: ='York'!$S$2 | D7: ='York'!$S$3 | E7: ='York'!$S$4 | F7: ='York'!$S$5 | G7: ='York'!$S$6 | H7: ='York'!$S$7 | I7: ='York'!$S$8 | J7: ='York'!$S$9 | K7: ='York'!$S$10 | M7: ='York'!$E$27
A8: Fleetwood Town | B8: ='Fleetwood Town'!$E$27 | C8: ='Fleetwood Town'!$S$2 | D8: ='Fleetwood Town'!$S$3 | E8: ='Fleetwood Town'!$S$4 | F8: ='Fleetwood Town'!$S$5 | G8: ='Fleetwood Town'!$S$6 | H8: ='Fleetwood Town'!$S$7 | I8: ='Fleetwood Town'!$S$8 | J8: ='Fleetwood Town'!$S$9 | K8: ='Fleetwood Town'!$S$10 | L8: ='Fleetwood Town'!$S$11 | M8: ='Fleetwood Town'!$E$28
A9: Bristol Rvs | B9: ='Bristol Rvs'!$E$27 | C9: ='Bristol Rvs'!$S$2 | D9: ='Bristol Rvs'!$S$3 | E9: ='Bristol Rvs'!$S$4 | F9: ='Bristol Rvs'!$S$5 | G9: ='Bristol Rvs'!$S$6 | H9: ='Bristol Rvs'!$S$7 | I9: ='Bristol Rvs'!$S$8 | J9: ='Bristol Rvs'!$S$9 | K9: ='Bristol Rvs'!$S$10 | L9: ='Bristol Rvs'!$S$11 | M9: ='Bristol Rvs'!$E$28
A10: Walsall | B10: ='Walsall'!$E$26 | C10: ='Walsall'!$S$2 | D10: ='Walsall'!$S$3 | E10: ='Walsall'!$S$4 | F10: ='Walsall'!$S$5 | G10: ='Walsall'!$S$6 | H10: ='Walsall'!$S$7 | I10: ='Walsall'!$S$8 | J10: ='Walsall'!$S$9 | K10: ='Walsall'!$S$10 | M10: ='Walsall'!$E$27
A11: Tranmere Rovers | B11: ='Tranmere Rovers'!$E$27 | C11: ='Tranmere Rovers'!$S$2 | D11: ='Tranmere Rovers'!$S$3 | E11: ='Tranmere Rovers'!$S$4 | F11: ='Tranmere Rovers'!$S$5 | G11: ='Tranmere Rovers'!$S$6 | H11: ='Tranmere Rovers'!$S$7 | I11: ='Tranmere Rovers'!$S$8 | J11: ='Tranmere Rovers'!$S$9 | K11: ='Tranmere Rovers'!$S$10 | L11: ='Tranmere Rovers'!$S$11 | M11: ='Tranmere Rovers'!$E$28
A12: Cheltenham Town | B12: ='Cheltenham Town'!$E$27 | C12: ='Cheltenham Town'!$S$2 | D12: ='Cheltenham Town'!$S$3 | E12: ='Cheltenham Town'!$S$4 | F12: ='Cheltenham Town'!$S$5 | G12: ='Cheltenham Town'!$S$6 | H12: ='Cheltenham Town'!$S$7 | I12: ='Cheltenham Town'!$S$8 | J12: ='Cheltenham Town'!$S$9 | K12: ='Cheltenham Town'!$S$10 | L12: ='Cheltenham Town'!$S$11 | M12: ='Cheltenham Town'!$E$28
A13: Colchester United | B13: ='Colchester United'!$E$26 | C13: ='Colchester United'!$S$2 | D13: ='Colchester United'!$S$3 | E13: ='Colchester United'!$S$4 | F13: ='Colchester United'!$S$5 | G13: ='Colchester United'!$S$6 | H13: ='Colchester United'!$S$7 | I13: ='Colchester United'!$S$8 | J13: ='Colchester United'!$S$9 | K13: ='Colchester United'!$S$10 | M13: ='Colchester United'!$E$27
A14: Rotherham United | B14: ='Rotherham United'!$E$27 | C14: ='Rotherham United'!$S$2 | D14: ='Rotherham United'!$S$3 | E14: ='Rotherham United'!$S$4 | F14: ='Rotherham United'!$S$5 | G14: ='Rotherham United'!$S$6 | H14: ='Rotherham United'!$S$7 | I14: ='Rotherham United'!$S$8 | J14: ='Rotherham United'!$S$9 | K14: ='Rotherham United'!$S$10 | L14: ='Rotherham United'!$S$11 | M14: ='Rotherham United'!$E$28
A15: Gillingham | B15: ='Gillingham'!$E$27 | C15: ='Gillingham'!$S$2 | D15: ='Gillingham'!$S$3 | E15: ='Gillingham'!$S$4 | F15: ='Gillingham'!$S$5 | G15: ='Gillingham'!$S$6 | H15: ='Gillingham'!$S$7 | I15: ='Gillingham'!$S$8 | J15: ='Gillingham'!$S$9 | K15: ='Gillingham'!$S$10 | L15: ='Gillingham'!$S$11 | M15: ='Gillingham'!$E$28
A16: Oldham Athletic | B16: ='Oldham Athletic'!$E$26 | C16: ='Oldham Athletic'!$S$2 | D16: ='Oldham Athletic'!$S$3 | E16: ='Oldham Athletic'!$S$4 | F16: ='Oldham Athletic'!$S$5 | G16: ='Oldham Athletic'!$S$6 | H16: ='Oldham Athletic'!$S$7 | I16: ='Oldham Athletic'!$S$8 | J16: ='Oldham Athletic'!$S$9 | K16: ='Oldham Athletic'!$S$10 | M16: ='Oldham Athletic'!$E$27
A17: Swindon Town | B17: ='Swindon Town'!$E$27 | C17: ='Swindon Town'!$S$2 | D17: ='Swindon Town'!$S$3 | E17: ='Swindon Town'!$S$4 | F17: ='Swindon Town'!$S$5 | G17: ='Swindon Town'!$S$6 | H17: ='Swindon Town'!$S$7 | I17: ='Swindon Town'!$S$8 | J17: ='Swindon Town'!$S$9 | K17: ='Swindon Town'!$S$10 | L17: ='Swindon Town'!$S$11 | M17: ='Swindon Town'!$E$28
A18: Shrewsbury Town | B18: ='Shrewsbury Town'!$E$27 | C18: ='Shrewsbury Town'!$S$2 | D18: ='Shrewsbury Town'!$S$3 | E18: ='Shrewsbury Town'!$S$4 | F18: ='Shrewsbury Town'!$S$5 | G18: ='Shrewsbury Town'!$S$6 | H18: ='Shrewsbury Town'!$S$7 | I18: ='Shrewsbury Town'!$S$8 | J18: ='Shrewsbury Town'!$S$9 | K18: ='Shrewsbury Town'!$S$10 | L18: ='Shrewsbury Town'!$S$11 | M18: ='Shrewsbury Town'!$E$28
A19: Rochdale | B19: ='Rochdale'!$E$27 | C19: ='Rochdale'!$S$2 | D19: ='Rochdale'!$S$3 | E19: ='Rochdale'!$S$4 | F19: ='Rochdale'!$S$5 | G19: ='Rochdale'!$S$6 | H19: ='Rochdale'!$S$7 | I19: ='Rochdale'!$S$8 | J19: ='Rochdale'!$S$9 | K19: ='Rochdale'!$S$10 | L19: ='Rochdale'!$S$11 | M19: ='Rochdale'!$E$28
A20: Port Vale | B20: ='Port Vale'!$E$25 | C20: ='Port Vale'!$S$2 | D20: ='Port Vale'!$S$3 | E20: ='Port Vale'!$S$4 | F20: ='Port Vale'!$S$5 | G20: ='Port Vale'!$S$6 | H20: ='Port Vale'!$S$7 | I20: ='Port Vale'!$S$8 | J20: ='Port Vale'!$S$9 | M20: ='Port Vale'!$E$26
A21: Crewe Alexandra | B21: ='Crewe Alexandra'!$E$27 | C21: ='Crewe Alexandra'!$S$2 | D21: ='Crewe Alexandra'!$S$3 | E21: ='Crewe Alexandra'!$S$4 | F21: ='Crewe Alexandra'!$S$5 | G21: ='Crewe Alexandra'!$S$6 | H21: ='Crewe Alexandra'!$S$7 | I21: ='Crewe Alexandra'!$S$8 | J21: ='Crewe Alexandra'!$S$9 | K21: ='Crewe Alexandra'!$S$10 | L21: ='Crewe Alexandra'!$S$11 | M21: ='Crewe Alexandra'!$E$28
A22: Exeter | B22: ='Exeter'!$E$27 | C22: ='Exeter'!$S$2 | D22: ='Exeter'!$S$3 | E22: ='Exeter'!$S$4 | F22: ='Exeter'!$S$5 | G22: ='Exeter'!$S$6 | H22: ='Exeter'!$S$7 | I22: ='Exeter'!$S$8 | J22: ='Exeter'!$S$9 | K22: ='Exeter'!$S$10 | L22: ='Exeter'!$S$11 | M22: ='Exeter'!$E$28
A23: Newport County | B23: ='Newport County'!$E$27 | C23: ='Newport County'!$S$2 | D23: ='Newport County'!$S$3 | E23: ='Newport County'!$S$4 | F23: ='Newport County'!$S$5 | G23: ='Newport County'!$S$6 | H23: ='Newport County'!$S$7 | I23: ='Newport County'!$S$8 | J23: ='Newport County'!$S$9 | K23: ='Newport County'!$S$10 | L23: ='Newport County'!$S$11 | M23: ='Newport County'!$E$28
A24: Salford City | B24: ='Salford City'!$E$27 | C24: ='Salford City'!$S$2 | D24: ='Salford City'!$S$3 | E24: ='Salford City'!$S$4 | F24: ='Salford City'!$S$5 | G24: ='Salford City'!$S$6 | H24: ='Salford City'!$S$7 | I24: ='Salford City'!$S$8 | J24: ='Salford City'!$S$9 | K24: ='Salford City'!$S$10 | L24: ='Salford City'!$S$11 | M24: ='Salford City'!$E$28
A25: Northampton Town | B25: ='Northampton Town'!$E$25 | C25: ='Northampton Town'!$S$2 | D25: ='Northampton Town'!$S$3 | E25: ='Northampton Town'!$S$4 | F25: ='Northampton Town'!$S$5 | G25: ='Northampton Town'!$S$6 | H25: ='Northampton Town'!$S$7 | I25: ='Northampton Town'!$S$8 | J25: ='Northampton Town'!$S$9 | M25: ='Northampton Town'!$E$26

Sheet xPts Delta
A1: Team | B1: Average | C1: MW1 | D1: MW2 | E1: MW3 | F1: MW4 | G1: MW5 | H1: MW6 | I1: MW7 | J1: MW8 | K1: MW9 | L1: MW10
A2: Chesterfield | B2: ='Chesterfield'!$E$35 | C2: ='Chesterfield'!$V$2 | D2: ='Chesterfield'!$V$3 | E2: ='Chesterfield'!$V$4 | F2: ='Chesterfield'!$V$5 | G2: ='Chesterfield'!$V$6 | H2: ='Chesterfield'!$V$7 | I2: ='Chesterfield'!$V$8 | J2: ='Chesterfield'!$V$9 | K2: ='Chesterfield'!$V$10 | L2: ='Chesterfield'!$V$11
A3: Shrewsbury Town | B3: ='Shrewsbury Town'!$E$35 | C3: ='Shrewsbury Town'!$V$2 | D3: ='Shrewsbury Town'!$V$3 | E3: ='Shrewsbury Town'!$V$4 | F3: ='Shrewsbury Town'!$V$5 | G3: ='Shrewsbury Town'!$V$6 | H3: ='Shrewsbury Town'!$V$7 | I3: ='Shrewsbury Town'!$V$8 | J3: ='Shrewsbury Town'!$V$9 | K3: ='Shrewsbury Town'!$V$10 | L3: ='Shrewsbury Town'!$V$11
A4: Newport County | B4: ='Newport County'!$E$35 | C4: ='Newport County'!$V$2 | D4: ='Newport County'!$V$3 | E4: ='Newport County'!$V$4 | F4: ='Newport County'!$V$5 | G4: ='Newport County'!$V$6 | H4: ='Newport County'!$V$7 | I4: ='Newport County'!$V$8 | J4: ='Newport County'!$V$9 | K4: ='Newport County'!$V$10 | L4: ='Newport County'!$V$11
A5: Accrington Stanley | B5: ='Accrington Stanley'!$E$35 | C5: ='Accrington Stanley'!$V$2 | D5: ='Accrington Stanley'!$V$3 | E5: ='Accrington Stanley'!$V$4 | F5: ='Accrington Stanley'!$V$5 | G5: ='Accrington Stanley'!$V$6 | H5: ='Accrington Stanley'!$V$7 | I5: ='Accrington Stanley'!$V$8 | J5: ='Accrington Stanley'!$V$9 | K5: ='Accrington Stanley'!$V$10 | L5: ='Accrington Stanley'!$V$11
A6: Exeter | B6: ='Exeter'!$E$35 | C6: ='Exeter'!$V$2 | D6: ='Exeter'!$V$3 | E6: ='Exeter'!$V$4 | F6: ='Exeter'!$V$5 | G6: ='Exeter'!$V$6 | H6: ='Exeter'!$V$7 | I6: ='Exeter'!$V$8 | J6: ='Exeter'!$V$9 | K6: ='Exeter'!$V$10 | L6: ='Exeter'!$V$11
A7: Crawley Town | B7: ='Crawley Town'!$E$33 | C7: ='Crawley Town'!$V$2 | D7: ='Crawley Town'!$V$3 | E7: ='Crawley Town'!$V$4 | F7: ='Crawley Town'!$V$5 | G7: ='Crawley Town'!$V$6 | H7: ='Crawley Town'!$V$7 | I7: ='Crawley Town'!$V$8 | J7: ='Crawley Town'!$V$9
A8: York | B8: ='York'!$E$34 | C8: ='York'!$V$2 | D8: ='York'!$V$3 | E8: ='York'!$V$4 | F8: ='York'!$V$5 | G8: ='York'!$V$6 | H8: ='York'!$V$7 | I8: ='York'!$V$8 | J8: ='York'!$V$9 | K8: ='York'!$V$10
A9: Rotherham United | B9: ='Rotherham United'!$E$35 | C9: ='Rotherham United'!$V$2 | D9: ='Rotherham United'!$V$3 | E9: ='Rotherham United'!$V$4 | F9: ='Rotherham United'!$V$5 | G9: ='Rotherham United'!$V$6 | H9: ='Rotherham United'!$V$7 | I9: ='Rotherham United'!$V$8 | J9: ='Rotherham United'!$V$9 | K9: ='Rotherham United'!$V$10 | L9: ='Rotherham United'!$V$11
A10: Gillingham | B10: ='Gillingham'!$E$35 | C10: ='Gillingham'!$V$2 | D10: ='Gillingham'!$V$3 | E10: ='Gillingham'!$V$4 | F10: ='Gillingham'!$V$5 | G10: ='Gillingham'!$V$6 | H10: ='Gillingham'!$V$7 | I10: ='Gillingham'!$V$8 | J10: ='Gillingham'!$V$9 | K10: ='Gillingham'!$V$10 | L10: ='Gillingham'!$V$11
A11: Port Vale | B11: ='Port Vale'!$E$33 | C11: ='Port Vale'!$V$2 | D11: ='Port Vale'!$V$3 | E11: ='Port Vale'!$V$4 | F11: ='Port Vale'!$V$5 | G11: ='Port Vale'!$V$6 | H11: ='Port Vale'!$V$7 | I11: ='Port Vale'!$V$8 | J11: ='Port Vale'!$V$9
A12: Walsall | B12: ='Walsall'!$E$34 | C12: ='Walsall'!$V$2 | D12: ='Walsall'!$V$3 | E12: ='Walsall'!$V$4 | F12: ='Walsall'!$V$5 | G12: ='Walsall'!$V$6 | H12: ='Walsall'!$V$7 | I12: ='Walsall'!$V$8 | J12: ='Walsall'!$V$9 | K12: ='Walsall'!$V$10
A13: Crewe Alexandra | B13: ='Crewe Alexandra'!$E$35 | C13: ='Crewe Alexandra'!$V$2 | D13: ='Crewe Alexandra'!$V$3 | E13: ='Crewe Alexandra'!$V$4 | F13: ='Crewe Alexandra'!$V$5 | G13: ='Crewe Alexandra'!$V$6 | H13: ='Crewe Alexandra'!$V$7 | I13: ='Crewe Alexandra'!$V$8 | J13: ='Crewe Alexandra'!$V$9 | K13: ='Crewe Alexandra'!$V$10 | L13: ='Crewe Alexandra'!$V$11
A14: Grimsby Town | B14: ='Grimsby Town'!$E$35 | C14: ='Grimsby Town'!$V$2 | D14: ='Grimsby Town'!$V$3 | E14: ='Grimsby Town'!$V$4 | F14: ='Grimsby Town'!$V$5 | G14: ='Grimsby Town'!$V$6 | H14: ='Grimsby Town'!$V$7 | I14: ='Grimsby Town'!$V$8 | J14: ='Grimsby Town'!$V$9 | K14: ='Grimsby Town'!$V$10 | L14: ='Grimsby Town'!$V$11
A15: Barnet | B15: ='Barnet'!$E$33 | C15: ='Barnet'!$V$2 | D15: ='Barnet'!$V$3 | E15: ='Barnet'!$V$4 | F15: ='Barnet'!$V$5 | G15: ='Barnet'!$V$6 | H15: ='Barnet'!$V$7 | I15: ='Barnet'!$V$8 | J15: ='Barnet'!$V$9
A16: Oldham Athletic | B16: ='Oldham Athletic'!$E$34 | C16: ='Oldham Athletic'!$V$2 | D16: ='Oldham Athletic'!$V$3 | E16: ='Oldham Athletic'!$V$4 | F16: ='Oldham Athletic'!$V$5 | G16: ='Oldham Athletic'!$V$6 | H16: ='Oldham Athletic'!$V$7 | I16: ='Oldham Athletic'!$V$8 | J16: ='Oldham Athletic'!$V$9 | K16: ='Oldham Athletic'!$V$10
A17: Tranmere Rovers | B17: ='Tranmere Rovers'!$E$35 | C17: ='Tranmere Rovers'!$V$2 | D17: ='Tranmere Rovers'!$V$3 | E17: ='Tranmere Rovers'!$V$4 | F17: ='Tranmere Rovers'!$V$5 | G17: ='Tranmere Rovers'!$V$6 | H17: ='Tranmere Rovers'!$V$7 | I17: ='Tranmere Rovers'!$V$8 | J17: ='Tranmere Rovers'!$V$9 | K17: ='Tranmere Rovers'!$V$10 | L17: ='Tranmere Rovers'!$V$11
A18: Bristol Rvs | B18: ='Bristol Rvs'!$E$35 | C18: ='Bristol Rvs'!$V$2 | D18: ='Bristol Rvs'!$V$3 | E18: ='Bristol Rvs'!$V$4 | F18: ='Bristol Rvs'!$V$5 | G18: ='Bristol Rvs'!$V$6 | H18: ='Bristol Rvs'!$V$7 | I18: ='Bristol Rvs'!$V$8 | J18: ='Bristol Rvs'!$V$9 | K18: ='Bristol Rvs'!$V$10 | L18: ='Bristol Rvs'!$V$11
A19: Cheltenham Town | B19: ='Cheltenham Town'!$E$35 | C19: ='Cheltenham Town'!$V$2 | D19: ='Cheltenham Town'!$V$3 | E19: ='Cheltenham Town'!$V$4 | F19: ='Cheltenham Town'!$V$5 | G19: ='Cheltenham Town'!$V$6 | H19: ='Cheltenham Town'!$V$7 | I19: ='Cheltenham Town'!$V$8 | J19: ='Cheltenham Town'!$V$9 | K19: ='Cheltenham Town'!$V$10 | L19: ='Cheltenham Town'!$V$11
A20: Swindon Town | B20: ='Swindon Town'!$E$35 | C20: ='Swindon Town'!$V$2 | D20: ='Swindon Town'!$V$3 | E20: ='Swindon Town'!$V$4 | F20: ='Swindon Town'!$V$5 | G20: ='Swindon Town'!$V$6 | H20: ='Swindon Town'!$V$7 | I20: ='Swindon Town'!$V$8 | J20: ='Swindon Town'!$V$9 | K20: ='Swindon Town'!$V$10 | L20: ='Swindon Town'!$V$11
A21: Colchester United | B21: ='Colchester United'!$E$34 | C21: ='Colchester United'!$V$2 | D21: ='Colchester United'!$V$3 | E21: ='Colchester United'!$V$4 | F21: ='Colchester United'!$V$5 | G21: ='Colchester United'!$V$6 | H21: ='Colchester United'!$V$7 | I21: ='Colchester United'!$V$8 | J21: ='Colchester United'!$V$9 | K21: ='Colchester United'!$V$10
A22: Salford City | B22: ='Salford City'!$E$35 | C22: ='Salford City'!$V$2 | D22: ='Salford City'!$V$3 | E22: ='Salford City'!$V$4 | F22: ='Salford City'!$V$5 | G22: ='Salford City'!$V$6 | H22: ='Salford City'!$V$7 | I22: ='Salford City'!$V$8 | J22: ='Salford City'!$V$9 | K22: ='Salford City'!$V$10 | L22: ='Salford City'!$V$11
A23: Fleetwood Town | B23: ='Fleetwood Town'!$E$35 | C23: ='Fleetwood Town'!$V$2 | D23: ='Fleetwood Town'!$V$3 | E23: ='Fleetwood Town'!$V$4 | F23: ='Fleetwood Town'!$V$5 | G23: ='Fleetwood Town'!$V$6 | H23: ='Fleetwood Town'!$V$7 | I23: ='Fleetwood Town'!$V$8 | J23: ='Fleetwood Town'!$V$9 | K23: ='Fleetwood Town'!$V$10 | L23: ='Fleetwood Town'!$V$11
A24: Northampton Town | B24: ='Northampton Town'!$E$33 | C24: ='Northampton Town'!$V$2 | D24: ='Northampton Town'!$V$3 | E24: ='Northampton Town'!$V$4 | F24: ='Northampton Town'!$V$5 | G24: ='Northampton Town'!$V$6 | H24: ='Northampton Town'!$V$7 | I24: ='Northampton Town'!$V$8 | J24: ='Northampton Town'!$V$9
A25: Rochdale | B25: ='Rochdale'!$E$35 | C25: ='Rochdale'!$V$2 | D25: ='Rochdale'!$V$3 | E25: ='Rochdale'!$V$4 | F25: ='Rochdale'!$V$5 | G25: ='Rochdale'!$V$6 | H25: ='Rochdale'!$V$7 | I25: ='Rochdale'!$V$8 | J25: ='Rochdale'!$V$9 | K25: ='Rochdale'!$V$10 | L25: ='Rochdale'!$V$11

Sheet Accrington Stanley
A1: Date | B1: Opponent | C1: Venue | D1: Goals For | E1: Goals Against | F1: xG Pre-Match (For) | G1: xG Pre-Match (Against) | H1: xG Actual (For) | I1: xG Actual (Against) | J1: xG Delta (For) | K1: xG Delta (Against) | L1: Rolling Delta (For) | M1: Rolling Delta (Against) | N1: xG Delta (For, Adj) | O1: xG Delta (Against, Adj) | P1: Rolling Delta (For, Adj) | Q1: Rolling Delta (Against, Adj) | R1: Supremacy Delta | S1: Match Total xG Delta | T1: xPts (Actual) | U1: xPts (Market) | V1: xPts Delta | W1: xPts (Actual, Cum.) | X1: xPts (Market, Cum.)
A2: 2026-08-15 | B2: Colchester United | C2: Home | D2: 2 | E2: 2 | F2: 1.33 | G2: 1.19 | H2: 2.78 | I2: 0.74 | J2: 1.45 | K2: -0.45 | L2: 1.45 | M2: -0.45 | N2: 1.38 | O2: -0.31 | P2: 1.38 | Q2: -0.31 | R2: =(H2-I2)-(F2-G2) | S2: =(H2+I2)-(F2+G2) | T2: 2.52 | U2: 1.47 | V2: 1.05 | W2: 2.52 | X2: 1.47
A3: 2026-08-22 | B3: Exeter | C3: Away | D3: 0 | E3: 2 | F3: 1.06 | G3: 1.58 | H3: 0.68 | I3: 2.31 | J3: -0.38 | K3: 0.73 | L3: 0.53 | M3: 0.14 | N3: -0.03 | O3: 0.81 | P3: 0.67 | Q3: 0.25 | R3: =(H3-I3)-(F3-G3) | S3: =(H3+I3)-(F3+G3) | T3: 0.44 | U3: 1.02 | V3: -0.57 | W3: 2.96 | X3: 2.49
A4: 2026-08-29 | B4: Walsall | C4: Away | D4: 2 | E4: 3 | F4: 0.97 | G4: 1.58 | H4: 2.29 | I4: 2.22 | J4: 1.32 | K4: 0.64 | L4: 0.8 | M4: 0.31 | N4: 1.41 | O4: 0.62 | P4: 0.92 | Q4: 0.38 | R4: =(H4-I4)-(F4-G4) | S4: =(H4+I4)-(F4+G4) | T4: 1.44 | U4: 0.95 | V4: 0.49 | W4: 4.41 | X4: 3.43
A5: 2026-09-01 | B5: Grimsby Town | C5: Home | D5: 2 | E5: 2 | F5: 1.09 | G5: 1.62 | H5: 2.6 | I5: 2.19 | J5: 1.51 | K5: 0.57 | L5: 0.97 | M5: 0.37 | N5: 1.36 | O5: 0.35 | P5: 1.03 | Q5: 0.37 | R5: =(H5-I5)-(F5-G5) | S5: =(H5+I5)-(F5+G5) | T5: 1.62 | U5: 1.02 | V5: 0.61 | W5: 6.03 | X5: 4.45
A6: 2026-09-05 | B6: Crawley Town | C6: Home | D6: 3 | E6: 2 | F6: 1.66 | G6: 1.17 | H6: 2.07 | I6: 1.49 | J6: 0.41 | K6: 0.32 | L6: 0.86 | M6: 0.36 | N6: 0.2 | O6: -0.03 | P6: 0.86 | Q6: 0.29 | R6: =(H6-I6)-(F6-G6) | S6: =(H6+I6)-(F6+G6) | T6: 1.74 | U6: 1.71 | V6: 0.04 | W6: 7.77 | X6: 6.16
A7: 2026-09-12 | B7: Barnet | C7: Away | D7: 1 | E7: 2 | F7: 1.04 | G7: 2.02 | H7: 0.69 | I7: 2.41 | J7: -0.35 | K7: 0.39 | L7: 0.66 | M7: 0.37 | N7: -0.78 | O7: 0.13 | P7: 0.59 | Q7: 0.26 | R7: =(H7-I7)-(F7-G7) | S7: =(H7+I7)-(F7+G7) | T7: 0.42 | U7: 0.78 | V7: -0.36 | W7: 8.19 | X7: 6.93
A8: 2026-09-19 | B8: Newport County | C8: Home | D8: 0 | E8: 0 | F8: 1.57 | G8: 1.14 | H8: 0.65 | I8: 0.59 | J8: -0.92 | K8: -0.55 | L8: 0.27 | M8: 0.35 | N8: -0.62 | O8: -0.59 | P8: 0.25 | Q8: 0.22 | R8: =(H8-I8)-(F8-G8) | S8: =(H8+I8)-(F8+G8) | T8: 1.35 | U8: 1.67 | V8: -0.32 | W8: 9.54 | X8: 8.6
A9: 2026-09-26 | B9: Swindon Town | C9: Away | D9: 1 | E9: 1 | F9: 1.25 | G9: 1.54 | H9: 1.5 | I9: 1.83 | J9: 0.25 | K9: 0.29 | L9: 0.37 | M9: 0.28 | N9: 0.24 | O9: 0.54 | P9: 0.3 | Q9: 0.17 | R9: =(H9-I9)-(F9-G9) | S9: =(H9+I9)-(F9+G9) | T9: 1.18 | U9: 1.18 | V9: 0 | W9: 10.72 | X9: 9.78
A10: 2026-10-03 | B10: Cheltenham Town | C10: Home | D10: 2 | E10: 0 | F10: 1.54 | G10: 1.29 | H10: 2.59 | I10: 0.34 | J10: 1.05 | K10: -0.95 | L10: 0.33 | M10: 0.01 | N10: 0.98 | O10: -0.97 | P10: 0.23 | Q10: -0.09 | R10: =(H10-I10)-(F10-G10) | S10: =(H10+I10)-(F10+G10) | T10: 2.68 | U10: 1.54 | V10: 1.14 | W10: 13.4 | X10: 11.32
A11: 2026-10-10 | B11: Oldham Athletic | C11: Away | D11: 0 | E11: 0 | F11: 0.96 | G11: 1.85 | H11: 0.61 | I11: 0.23 | J11: -0.35 | K11: -1.62 | L11: 0.02 | M11: -0.35 | N11: -0.38 | O11: -1.74 | P11: -0.06 | Q11: -0.44 | R11: =(H11-I11)-(F11-G11) | S11: =(H11+I11)-(F11+G11) | T11: 1.65 | U11: 0.8 | V11: 0.85 | W11: 15.06 | X11: 12.12
A13: Season summary
A14: Matches played | E14: =COUNTA(A2:A11)
A15: Total goals for | E15: =SUM(D2:D11)
A16: Total goals against | E16: =SUM(E2:E11)
A17: Avg xG Delta (For) | E17: =AVERAGE(J2:J11)
A18: Median xG Delta (For) | E18: =MEDIAN(J2:J11)
A19: Avg xG Delta (Against) | E19: =AVERAGE(K2:K11)
A20: Median xG Delta (Against) | E20: =MEDIAN(K2:K11)
A21: Avg xG Delta (For, Adj) | E21: =AVERAGE(N2:N11)
A22: Median xG Delta (For, Adj) | E22: =MEDIAN(N2:N11)
A23: Avg xG Delta (Against, Adj) | E23: =AVERAGE(O2:O11)
A24: Median xG Delta (Against, Adj) | E24: =MEDIAN(O2:O11)
A25: Avg Supremacy Delta | E25: =AVERAGE(R2:R11)
A26: Median Supremacy Delta | E26: =MEDIAN(R2:R11)
A27: Avg Total xG Delta | E27: =AVERAGE(S2:S11)
A28: Median Total xG Delta | E28: =MEDIAN(S2:S11)
A29: Current form (last 6, For) | E29: =L11
A30: Current form (last 6, Against) | E30: =M11
A31: Current form (last 6, For, Adj) | E31: =P11
A32: Current form (last 6, Against, Adj) | E32: =Q11
A33: Total xPts (Actual) | E33: =SUM(T2:T11)
A34: Total xPts (Market) | E34: =SUM(U2:U11)
A35: Avg xPts Delta | E35: =AVERAGE(V2:V11)
A37: Home / Away split
A38: Venue | B38: Matches | C38: GF | D38: GA | E38: Avg Supremacy | F38: Median Supremacy | G38: Avg Total xG Delta | H38: Median Total xG Delta
A39: Home | B39: 5 | C39: 9 | D39: 6 | E39: 0.91 | F39: 0.94 | G39: 0.49 | H39: 0.73
A40: Away | B40: 5 | C40: 4 | D40: 8 | E40: 0.01 | F40: -0.04 | G40: 0.19 | H40: 0.35
A41: Total | B41: 10 | C41: 13 | D41: 14 | E41: 0.46 | F41: 0.39 | G41: 0.34 | H41: 0.45

Sheet Barnet
A1: Date | B1: Opponent | C1: Venue | D1: Goals For | E1: Goals Against | F1: xG Pre-Match (For) | G1: xG Pre-Match (Against) | H1: xG Actual (For) | I1: xG Actual (Against) | J1: xG Delta (For) | K1: xG Delta (Against) | L1: Rolling Delta (For) | M1: Rolling Delta (Against) | N1: xG Delta (For, Adj) | O1: xG Delta (Against, Adj) | P1: Rolling Delta (For, Adj) | Q1: Rolling Delta (Against, Adj) | R1: Supremacy Delta | S1: Match Total xG Delta | T1: xPts (Actual) | U1: xPts (Market) | V1: xPts Delta | W1: xPts (Actual, Cum.) | X1: xPts (Market, Cum.)
A2: 2026-08-15 | B2: Salford City | C2: Home | D2: 3 | E2: 1 | F2: 1.42 | G2: 1.18 | H2: 1.62 | I2: 0.92 | J2: 0.2 | K2: -0.26 | L2: 0.2 | M2: -0.26 | N2: 0.25 | O2: 0.16 | P2: 0.25 | Q2: 0.16 | R2: =(H2-I2)-(F2-G2) | S2: =(H2+I2)-(F2+G2) | T2: 1.86 | U2: 1.54 | V2: 0.33 | W2: 1.86 | X2: 1.54
A3: 2026-08-22 | B3: Shrewsbury Town | C3: Away | D3: 3 | E3: 1 | F3: 1.6 | G3: 1.02 | H3: 1.07 | I3: 1.78 | J3: -0.53 | K3: 0.76 | L3: -0.17 | M3: 0.25 | N3: -0.16 | O3: 0.67 | P3: 0.04 | Q3: 0.42 | R3: =(H3-I3)-(F3-G3) | S3: =(H3+I3)-(F3+G3) | T3: 0.91 | U3: 1.77 | V3: -0.86 | W3: 2.78 | X3: 3.31
A4: 2026-08-29 | B4: Cheltenham Town | C4: Home | D4: 2 | E4: 2 | F4: 1.86 | G4: 0.92 | H4: 2.15 | I4: 1.78 | J4: 0.29 | K4: 0.86 | L4: -0.01 | M4: 0.45 | N4: 0.14 | O4: 1.04 | P4: 0.07 | Q4: 0.62 | R4: =(H4-I4)-(F4-G4) | S4: =(H4+I4)-(F4+G4) | T4: 1.61 | U4: 2 | V4: -0.39 | W4: 4.39 | X4: 5.32
A5: 2026-09-01 | B5: Exeter | C5: Away | D5: 1 | E5: 1 | F5: 1.76 | G5: 1.18 | H5: 1.02 | I5: 1.05 | J5: -0.74 | K5: -0.13 | L5: -0.19 | M5: 0.31 | N5: -0.43 | O5: -0.14 | P5: -0.05 | Q5: 0.43 | R5: =(H5-I5)-(F5-G5) | S5: =(H5+I5)-(F5+G5) | T5: 1.33 | U5: 1.76 | V5: -0.44 | W5: 5.71 | X5: 7.08
A6: 2026-09-05 | B6: Chesterfield | C6: Away | D6: 3 | E6: 3 | F6: 1.24 | G6: 1.59 | H6: 2.4 | I6: 2.41 | J6: 1.16 | K6: 0.82 | L6: 0.08 | M6: 0.41 | N6: 1.27 | O6: 0.24 | P6: 0.21 | Q6: 0.39 | R6: =(H6-I6)-(F6-G6) | S6: =(H6+I6)-(F6+G6) | T6: 1.4 | U6: 1.14 | V6: 0.26 | W6: 7.12 | X6: 8.22
A7: 2026-09-12 | B7: Accrington Stanley | C7: Home | D7: 2 | E7: 1 | F7: 2.02 | G7: 1.04 | H7: 2.41 | I7: 0.69 | J7: 0.39 | K7: -0.35 | L7: 0.13 | M7: 0.28 | N7: 0.5 | O7: -0.83 | P7: 0.26 | Q7: 0.19 | R7: =(H7-I7)-(F7-G7) | S7: =(H7+I7)-(F7+G7) | T7: 2.42 | U7: 2.01 | V7: 0.41 | W7: 9.54 | X7: 10.24
A8: 2026-09-19 | B8: Fleetwood Town | C8: Home | D8: 3 | E8: 1 | F8: 1.88 | G8: 1.07 | H8: 2.55 | I8: 1.58 | J8: 0.67 | K8: 0.51 | L8: 0.21 | M8: 0.41 | N8: 0.28 | O8: 0.72 | P8: 0.27 | Q8: 0.28 | R8: =(H8-I8)-(F8-G8) | S8: =(H8+I8)-(F8+G8) | T8: 1.95 | U8: 1.91 | V8: 0.03 | W8: 11.48 | X8: 12.15
A9: 2026-10-10 | B9: Bristol Rvs | C9: Away | D9: 3 | E9: 1 | F9: 1.35 | G9: 1.57 | H9: 2.1 | I9: 2.03 | J9: 0.75 | K9: 0.46 | L9: 0.42 | M9: 0.36 | N9: 0.71 | O9: 0.39 | P9: 0.41 | Q9: 0.24 | R9: =(H9-I9)-(F9-G9) | S9: =(H9+I9)-(F9+G9) | T9: 1.44 | U9: 1.23 | V9: 0.2 | W9: 12.92 | X9: 13.38
A11: Season summary
A12: Matches played | E12: =COUNTA(A2:A9)
A13: Total goals for | E13: =SUM(D2:D9)
A14: Total goals against | E14: =SUM(E2:E9)
A15: Avg xG Delta (For) | E15: =AVERAGE(J2:J9)
A16: Median xG Delta (For) | E16: =MEDIAN(J2:J9)
A17: Avg xG Delta (Against) | E17: =AVERAGE(K2:K9)
A18: Median xG Delta (Against) | E18: =MEDIAN(K2:K9)
A19: Avg xG Delta (For, Adj) | E19: =AVERAGE(N2:N9)
A20: Median xG Delta (For, Adj) | E20: =MEDIAN(N2:N9)
A21: Avg xG Delta (Against, Adj) | E21: =AVERAGE(O2:O9)
A22: Median xG Delta (Against, Adj) | E22: =MEDIAN(O2:O9)
A23: Avg Supremacy Delta | E23: =AVERAGE(R2:R9)
A24: Median Supremacy Delta | E24: =MEDIAN(R2:R9)
A25: Avg Total xG Delta | E25: =AVERAGE(S2:S9)
A26: Median Total xG Delta | E26: =MEDIAN(S2:S9)
A27: Current form (last 6, For) | E27: =L9
A28: Current form (last 6, Against) | E28: =M9
A29: Current form (last 6, For, Adj) | E29: =P9
A30: Current form (last 6, Against, Adj) | E30: =Q9
A31: Total xPts (Actual) | E31: =SUM(T2:T9)
A32: Total xPts (Market) | E32: =SUM(U2:U9)
A33: Avg xPts Delta | E33: =AVERAGE(V2:V9)
A35: Home / Away split
A36: Venue | B36: Matches | C36: GF | D36: GA | E36: Avg Supremacy | F36: Median Supremacy | G36: Avg Total xG Delta | H36: Median Total xG Delta
A37: Home | B37: 4 | C37: 10 | D37: 5 | E37: 0.2 | F37: 0.31 | G37: 0.58 | H37: 0.59
A38: Away | B38: 4 | C38: 10 | D38: 6 | E38: -0.32 | F38: -0.16 | G38: 0.64 | H38: 0.71
A39: Total | B39: 8 | C39: 20 | D39: 11 | E39: -0.06 | F39: 0.22 | G39: 0.61 | H39: 0.68

Sheet Bristol Rvs
A1: Date | B1: Opponent | C1: Venue | D1: Goals For | E1: Goals Against | F1: xG Pre-Match (For) | G1: xG Pre-Match (Against) | H1: xG Actual (For) | I1: xG Actual (Against) | J1: xG Delta (For) | K1: xG Delta (Against) | L1: Rolling Delta (For) | M1: Rolling Delta (Against) | N1: xG Delta (For, Adj) | O1: xG Delta (Against, Adj) | P1: Rolling Delta (For, Adj) | Q1: Rolling Delta (Against, Adj) | R1: Supremacy Delta | S1: Match Total xG Delta | T1: xPts (Actual) | U1: xPts (Market) | V1: xPts Delta | W1: xPts (Actual, Cum.) | X1: xPts (Market, Cum.)
A2: 2026-08-15 | B2: York | C2: Away | D2: 2 | E2: 3 | F2: 1.09 | G2: 1.41 | H2: 1.83 | I2: 1.93 | J2: 0.74 | K2: 0.52 | L2: 0.74 | M2: 0.52 | N2: 0.86 | O2: 0.2 | P2: 0.86 | Q2: 0.2 | R2: =(H2-I2)-(F2-G2) | S2: =(H2+I2)-(F2+G2) | T2: 1.33 | U2: 1.14 | V2: 0.19 | W2: 1.33 | X2: 1.14
A3: 2026-08-22 | B3: Newport County | C3: Home | D3: 5 | E3: 3 | F3: 1.83 | G3: 0.94 | H3: 3.99 | I3: 0.66 | J3: 2.16 | K3: -0.28 | L3: 1.45 | M3: 0.12 | N3: 2.8 | O3: -0.29 | P3: 1.83 | Q3: -0.05 | R3: =(H3-I3)-(F3-G3) | S3: =(H3+I3)-(F3+G3) | T3: 2.8 | U3: 1.98 | V3: 0.83 | W3: 4.14 | X3: 3.12
A4: 2026-08-29 | B4: Crawley Town | C4: Away | D4: 2 | E4: 0 | F4: 1.52 | G4: 1.14 | H4: 1.98 | I4: 0.72 | J4: 0.46 | K4: -0.41 | L4: 1.12 | M4: -0.06 | N4: 0.26 | O4: -0.87 | P4: 1.3 | Q4: -0.32 | R4: =(H4-I4)-(F4-G4) | S4: =(H4+I4)-(F4+G4) | T4: 2.21 | U4: 1.64 | V4: 0.58 | W4: 6.35 | X4: 4.75
A5: 2026-09-01 | B5: Colchester United | C5: Home | D5: 2 | E5: 0 | F5: 1.74 | G5: 1.09 | H5: 2.99 | I5: 0.86 | J5: 1.25 | K5: -0.23 | L5: 1.15 | M5: -0.1 | N5: 1.15 | O5: -0.06 | P5: 1.27 | Q5: -0.25 | R5: =(H5-I5)-(F5-G5) | S5: =(H5+I5)-(F5+G5) | T5: 2.52 | U5: 1.82 | V5: 0.7 | W5: 8.87 | X5: 6.57
A6: 2026-09-05 | B6: Rotherham United | C6: Home | D6: 1 | E6: 0 | F6: 1.91 | G6: 1.13 | H6: 0.84 | I6: 0.63 | J6: -1.07 | K6: -0.5 | L6: 0.71 | M6: -0.18 | N6: -1.04 | O6: -0.75 | P6: 0.8 | Q6: -0.35 | R6: =(H6-I6)-(F6-G6) | S6: =(H6+I6)-(F6+G6) | T6: 1.5 | U6: 1.89 | V6: -0.39 | W6: 10.38 | X6: 8.46
A7: 2026-09-12 | B7: Grimsby Town | C7: Away | D7: 0 | E7: 2 | F7: 1.34 | G7: 1.52 | H7: 0.11 | I7: 1.44 | J7: -1.23 | K7: -0.08 | L7: 0.38 | M7: -0.16 | N7: -1.69 | O7: -0.38 | P7: 0.39 | Q7: -0.36 | R7: =(H7-I7)-(F7-G7) | S7: =(H7+I7)-(F7+G7) | T7: 0.33 | U7: 1.25 | V7: -0.93 | W7: 10.7 | X7: 9.71
A8: 2026-09-19 | B8: Gillingham | C8: Away | D8: 0 | E8: 3 | F8: 1.63 | G8: 1.1 | H8: 0.51 | I8: 2.36 | J8: -1.12 | K8: 1.26 | L8: 0.07 | M8: -0.04 | N8: -1.14 | O8: 1.32 | P8: 0.05 | Q8: -0.17 | R8: =(H8-I8)-(F8-G8) | S8: =(H8+I8)-(F8+G8) | T8: 0.34 | U8: 1.74 | V8: -1.4 | W8: 11.04 | X8: 11.45
A9: 2026-09-26 | B9: Exeter | C9: Home | D9: 1 | E9: 0 | F9: 1.78 | G9: 1 | H9: 2.02 | I9: 0.66 | J9: 0.24 | K9: -0.34 | L9: -0.24 | M9: -0.05 | N9: 0.66 | O9: -0.38 | P9: -0.3 | Q9: -0.18 | R9: =(H9-I9)-(F9-G9) | S9: =(H9+I9)-(F9+G9) | T9: 2.28 | U9: 1.9 | V9: 0.37 | W9: 13.31 | X9: 13.35
A10: 2026-10-03 | B10: Crewe Alexandra | C10: Away | D10: 1 | E10: 3 | F10: 1.53 | G10: 1.24 | H10: 0.79 | I10: 1.6 | J10: -0.74 | K10: 0.36 | L10: -0.45 | M10: 0.08 | N10: -0.7 | O10: 0.6 | P10: -0.46 | Q10: 0.06 | R10: =(H10-I10)-(F10-G10) | S10: =(H10+I10)-(F10+G10) | T10: 0.8 | U10: 1.57 | V10: -0.77 | W10: 14.12 | X10: 14.93
A11: 2026-10-10 | B11: Barnet | C11: Home | D11: 1 | E11: 3 | F11: 1.57 | G11: 1.35 | H11: 2.03 | I11: 2.1 | J11: 0.46 | K11: 0.75 | L11: -0.58 | M11: 0.24 | N11: 0.14 | O11: 0.54 | P11: -0.63 | Q11: 0.16 | R11: =(H11-I11)-(F11-G11) | S11: =(H11+I11)-(F11+G11) | T11: 1.36 | U11: 1.52 | V11: -0.16 | W11: 15.47 | X11: 16.45
A13: Season summary
A14: Matches played | E14: =COUNTA(A2:A11)
A15: Total goals for | E15: =SUM(D2:D11)
A16: Total goals against | E16: =SUM(E2:E11)
A17: Avg xG Delta (For) | E17: =AVERAGE(J2:J11)
A18: Median xG Delta (For) | E18: =MEDIAN(J2:J11)
A19: Avg xG Delta (Against) | E19: =AVERAGE(K2:K11)
A20: Median xG Delta (Against) | E20: =MEDIAN(K2:K11)
A21: Avg xG Delta (For, Adj) | E21: =AVERAGE(N2:N11)
A22: Median xG Delta (For, Adj) | E22: =MEDIAN(N2:N11)
A23: Avg xG Delta (Against, Adj) | E23: =AVERAGE(O2:O11)
A24: Median xG Delta (Against, Adj) | E24: =MEDIAN(O2:O11)
A25: Avg Supremacy Delta | E25: =AVERAGE(R2:R11)
A26: Median Supremacy Delta | E26: =MEDIAN(R2:R11)
A27: Avg Total xG Delta | E27: =AVERAGE(S2:S11)
A28: Median Total xG Delta | E28: =MEDIAN(S2:S11)
A29: Current form (last 6, For) | E29: =L11
A30: Current form (last 6, Against) | E30: =M11
A31: Current form (last 6, For, Adj) | E31: =P11
A32: Current form (last 6, Against, Adj) | E32: =Q11
A33: Total xPts (Actual) | E33: =SUM(T2:T11)
A34: Total xPts (Market) | E34: =SUM(U2:U11)
A35: Avg xPts Delta | E35: =AVERAGE(V2:V11)
A37: Home / Away split
A38: Venue | B38: Matches | C38: GF | D38: GA | E38: Avg Supremacy | F38: Median Supremacy | G38: Avg Total xG Delta | H38: Median Total xG Delta
A39: Home | B39: 5 | C39: 10 | D39: 6 | E39: 0.73 | F39: 0.58 | G39: 0.49 | H39: 1.02
A40: Away | B40: 5 | C40: 5 | D40: 11 | E40: -0.71 | F40: -1.1 | G40: -0.05 | H40: 0.05
A41: Total | B41: 10 | C41: 15 | D41: 17 | E41: 0.01 | F41: -0.03 | G41: 0.22 | H41: 0.1

Sheet Cheltenham Town
A1: Date | B1: Opponent | C1: Venue | D1: Goals For | E1: Goals Against | F1: xG Pre-Match (For) | G1: xG Pre-Match (Against) | H1: xG Actual (For) | I1: xG Actual (Against) | J1: xG Delta (For) | K1: xG Delta (Against) | L1: Rolling Delta (For) | M1: Rolling Delta (Against) | N1: xG Delta (For, Adj) | O1: xG Delta (Against, Adj) | P1: Rolling Delta (For, Adj) | Q1: Rolling Delta (Against, Adj) | R1: Supremacy Delta | S1: Match Total xG Delta | T1: xPts (Actual) | U1: xPts (Market) | V1: xPts Delta | W1: xPts (Actual, Cum.) | X1: xPts (Market, Cum.)
A2: 2026-08-15 | B2: Rotherham United | C2: Home | D2: 2 | E2: 1 | F2: 1.3 | G2: 1.36 | H2: 0.6 | I2: 2.2 | J2: -0.7 | K2: 0.84 | L2: -0.7 | M2: 0.84 | N2: -0.63 | O2: 0.74 | P2: -0.63 | Q2: 0.74 | R2: =(H2-I2)-(F2-G2) | S2: =(H2+I2)-(F2+G2) | T2: 0.43 | U2: 1.33 | V2: -0.9 | W2: 0.43 | X2: 1.33
A3: 2026-08-22 | B3: Swindon Town | C3: Away | D3: 1 | E3: 2 | F3: 1.04 | G3: 1.74 | H3: 1.1 | I3: 1.04 | J3: 0.06 | K3: -0.7 | L3: -0.32 | M3: 0.07 | N3: 0.02 | O3: -0.56 | P3: -0.3 | Q3: 0.09 | R3: =(H3-I3)-(F3-G3) | S3: =(H3+I3)-(F3+G3) | T3: 1.4 | U3: 0.92 | V3: 0.48 | W3: 1.83 | X3: 2.24
A4: 2026-08-29 | B4: Barnet | C4: Away | D4: 2 | E4: 2 | F4: 0.92 | G4: 1.86 | H4: 1.78 | I4: 2.15 | J4: 0.86 | K4: 0.29 | L4: 0.07 | M4: 0.14 | N4: 0.6 | O4: 0.02 | P4: 0 | Q4: 0.07 | R4: =(H4-I4)-(F4-G4) | S4: =(H4+I4)-(F4+G4) | T4: 1.18 | U4: 0.77 | V4: 0.41 | W4: 3.01 | X4: 3.02
A5: 2026-09-01 | B5: York | C5: Home | D5: 3 | E5: 2 | F5: 1.1 | G5: 1.7 | H5: 1.36 | I5: 2.59 | J5: 0.26 | K5: 0.89 | L5: 0.12 | M5: 0.33 | N5: 0.32 | O5: 0.62 | P5: 0.08 | Q5: 0.2 | R5: =(H5-I5)-(F5-G5) | S5: =(H5+I5)-(F5+G5) | T5: 0.73 | U5: 0.98 | V5: -0.25 | W5: 3.74 | X5: 4
A6: 2026-09-05 | B6: Grimsby Town | C6: Home | D6: 2 | E6: 2 | F6: 1.17 | G6: 1.68 | H6: 1.29 | I6: 1.59 | J6: 0.12 | K6: -0.08 | L6: 0.12 | M6: 0.25 | N6: -0.18 | O6: -0.38 | P6: 0.03 | Q6: 0.09 | R6: =(H6-I6)-(F6-G6) | S6: =(H6+I6)-(F6+G6) | T6: 1.18 | U6: 1.04 | V6: 0.14 | W6: 4.92 | X6: 5.03
A7: 2026-09-12 | B7: Crawley Town | C7: Away | D7: 3 | E7: 1 | F7: 1.41 | G7: 1.53 | H7: 1.9 | I7: 1.44 | J7: 0.49 | K7: -0.09 | L7: 0.18 | M7: 0.19 | N7: 0.29 | O7: -0.49 | P7: 0.07 | Q7: -0.01 | R7: =(H7-I7)-(F7-G7) | S7: =(H7+I7)-(F7+G7) | T7: 1.68 | U7: 1.3 | V7: 0.38 | W7: 6.59 | X7: 6.33
A8: 2026-09-19 | B8: Colchester United | C8: Away | D8: 1 | E8: 1 | F8: 1.13 | G8: 1.7 | H8: 1.53 | I8: 0.87 | J8: 0.4 | K8: -0.83 | L8: 0.36 | M8: -0.09 | N8: 0.19 | O8: -0.74 | P8: 0.21 | Q8: -0.25 | R8: =(H8-I8)-(F8-G8) | S8: =(H8+I8)-(F8+G8) | T8: 1.84 | U8: 1 | V8: 0.84 | W8: 8.44 | X8: 7.34
A9: 2026-09-26 | B9: Chesterfield | C9: Home | D9: 2 | E9: 1 | F9: 1.32 | G9: 1.62 | H9: 0.91 | I9: 2.62 | J9: -0.41 | K9: 1 | L9: 0.29 | M9: 0.2 | N9: -0.47 | O9: 0.44 | P9: 0.12 | Q9: -0.09 | R9: =(H9-I9)-(F9-G9) | S9: =(H9+I9)-(F9+G9) | T9: 0.47 | U9: 1.18 | V9: -0.7 | W9: 8.91 | X9: 8.52
A10: 2026-10-03 | B10: Accrington Stanley | C10: Away | D10: 0 | E10: 2 | F10: 1.29 | G10: 1.54 | H10: 0.34 | I10: 2.59 | J10: -0.95 | K10: 1.05 | L10: -0.02 | M10: 0.32 | N10: -0.98 | O10: 0.73 | P10: -0.14 | Q10: 0.03 | R10: =(H10-I10)-(F10-G10) | S10: =(H10+I10)-(F10+G10) | T10: 0.21 | U10: 1.21 | V10: -1 | W10: 9.12 | X10: 9.72
A11: 2026-10-10 | B11: Salford City | C11: Home | D11: 0 | E11: 2 | F11: 1.14 | G11: 1.77 | H11: 0.25 | I11: 1.11 | J11: -0.89 | K11: -0.66 | L11: -0.21 | M11: 0.07 | N11: -0.96 | O11: -0.28 | P11: -0.35 | Q11: -0.12 | R11: =(H11-I11)-(F11-G11) | S11: =(H11+I11)-(F11+G11) | T11: 0.58 | U11: 0.96 | V11: -0.38 | W11: 9.7 | X11: 10.69
A13: Season summary
A14: Matches played | E14: =COUNTA(A2:A11)
A15: Total goals for | E15: =SUM(D2:D11)
A16: Total goals against | E16: =SUM(E2:E11)
A17: Avg xG Delta (For) | E17: =AVERAGE(J2:J11)
A18: Median xG Delta (For) | E18: =MEDIAN(J2:J11)
A19: Avg xG Delta (Against) | E19: =AVERAGE(K2:K11)
A20: Median xG Delta (Against) | E20: =MEDIAN(K2:K11)
A21: Avg xG Delta (For, Adj) | E21: =AVERAGE(N2:N11)
A22: Median xG Delta (For, Adj) | E22: =MEDIAN(N2:N11)
A23: Avg xG Delta (Against, Adj) | E23: =AVERAGE(O2:O11)
A24: Median xG Delta (Against, Adj) | E24: =MEDIAN(O2:O11)
A25: Avg Supremacy Delta | E25: =AVERAGE(R2:R11)
A26: Median Supremacy Delta | E26: =MEDIAN(R2:R11)
A27: Avg Total xG Delta | E27: =AVERAGE(S2:S11)
A28: Median Total xG Delta | E28: =MEDIAN(S2:S11)
A29: Current form (last 6, For) | E29: =L11
A30: Current form (last 6, Against) | E30: =M11
A31: Current form (last 6, For, Adj) | E31: =P11
A32: Current form (last 6, Against, Adj) | E32: =Q11
A33: Total xPts (Actual) | E33: =SUM(T2:T11)
A34: Total xPts (Market) | E34: =SUM(U2:U11)
A35: Avg xPts Delta | E35: =AVERAGE(V2:V11)
A37: Home / Away split
A38: Venue | B38: Matches | C38: GF | D38: GA | E38: Avg Supremacy | F38: Median Supremacy | G38: Avg Total xG Delta | H38: Median Total xG Delta
A39: Home | B39: 5 | C39: 9 | D39: 8 | E39: -0.72 | F39: -0.63 | G39: 0.07 | H39: 0.14
A40: Away | B40: 5 | C40: 7 | D40: 8 | E40: 0.23 | F40: 0.57 | G40: 0.12 | H40: 0.1
A41: Total | B41: 10 | C41: 16 | D41: 16 | E41: -0.25 | F41: -0.01 | G41: 0.1 | H41: 0.12

Sheet Chesterfield
A1: Date | B1: Opponent | C1: Venue | D1: Goals For | E1: Goals Against | F1: xG Pre-Match (For) | G1: xG Pre-Match (Against) | H1: xG Actual (For) | I1: xG Actual (Against) | J1: xG Delta (For) | K1: xG Delta (Against) | L1: Rolling Delta (For) | M1: Rolling Delta (Against) | N1: xG Delta (For, Adj) | O1: xG Delta (Against, Adj) | P1: Rolling Delta (For, Adj) | Q1: Rolling Delta (Against, Adj) | R1: Supremacy Delta | S1: Match Total xG Delta | T1: xPts (Actual) | U1: xPts (Market) | V1: xPts Delta | W1: xPts (Actual, Cum.) | X1: xPts (Market, Cum.)
A2: 2026-08-15 | B2: Fleetwood Town | C2: Home | D2: 0 | E2: 1 | F2: 1.63 | G2: 0.95 | H2: 2.17 | I2: 1.11 | J2: 0.54 | K2: 0.16 | L2: 0.54 | M2: 0.16 | N2: 0.13 | O2: 0.32 | P2: 0.13 | Q2: 0.32 | R2: =(H2-I2)-(F2-G2) | S2: =(H2+I2)-(F2+G2) | T2: 2.04 | U2: 1.85 | V2: 0.2 | W2: 2.04 | X2: 1.85
A3: 2026-08-22 | B3: Salford City | C3: Away | D3: 1 | E3: 0 | F3: 1.02 | G3: 1.49 | H3: 2.27 | I3: 0.51 | J3: 1.25 | K3: -0.98 | L3: 0.89 | M3: -0.41 | N3: 1.42 | O3: -0.64 | P3: 0.77 | Q3: -0.16 | R3: =(H3-I3)-(F3-G3) | S3: =(H3+I3)-(F3+G3) | T3: 2.48 | U3: 1.04 | V3: 1.45 | W3: 4.53 | X3: 2.88
A4: 2026-08-29 | B4: Rotherham United | C4: Away | D4: 1 | E4: 2 | F4: 1.43 | G4: 1.2 | H4: 1.1 | I4: 2.95 | J4: -0.32 | K4: 1.75 | L4: 0.49 | M4: 0.31 | N4: -0.22 | O4: 1.75 | P4: 0.44 | Q4: 0.48 | R4: =(H4-I4)-(F4-G4) | S4: =(H4+I4)-(F4+G4) | T4: 0.47 | U4: 1.52 | V4: -1.05 | W4: 5 | X4: 4.41
A5: 2026-09-01 | B5: Gillingham | C5: Home | D5: 1 | E5: 1 | F5: 1.79 | G5: 0.83 | H5: 2.05 | I5: 0.56 | J5: 0.26 | K5: -0.27 | L5: 0.43 | M5: 0.16 | N5: 0.4 | O5: -0.38 | P5: 0.43 | Q5: 0.26 | R5: =(H5-I5)-(F5-G5) | S5: =(H5+I5)-(F5+G5) | T5: 2.36 | U5: 2.03 | V5: 0.33 | W5: 7.36 | X5: 6.43
A6: 2026-09-05 | B6: Barnet | C6: Home | D6: 3 | E6: 3 | F6: 1.59 | G6: 1.24 | H6: 2.41 | I6: 2.4 | J6: 0.82 | K6: 1.16 | L6: 0.51 | M6: 0.36 | N6: 0.55 | O6: 1.01 | P6: 0.46 | Q6: 0.41 | R6: =(H6-I6)-(F6-G6) | S6: =(H6+I6)-(F6+G6) | T6: 1.41 | U6: 1.61 | V6: -0.2 | W6: 8.77 | X6: 8.05
A7: 2026-09-12 | B7: Oldham Athletic | C7: Away | D7: 2 | E7: 1 | F7: 1.17 | G7: 1.49 | H7: 2.24 | I7: 1.08 | J7: 1.07 | K7: -0.41 | L7: 0.6 | M7: 0.23 | N7: 1.23 | O7: -0.38 | P7: 0.58 | Q7: 0.28 | R7: =(H7-I7)-(F7-G7) | S7: =(H7+I7)-(F7+G7) | T7: 2.1 | U7: 1.15 | V7: 0.95 | W7: 10.87 | X7: 9.19
A8: 2026-09-19 | B8: York | C8: Home | D8: 2 | E8: 0 | F8: 1.5 | G8: 1.41 | H8: 2.11 | I8: 0.4 | J8: 0.61 | K8: -1.01 | L8: 0.61 | M8: 0.04 | N8: 0.72 | O8: -1.52 | P8: 0.68 | Q8: -0.03 | R8: =(H8-I8)-(F8-G8) | S8: =(H8+I8)-(F8+G8) | T8: 2.49 | U8: 1.44 | V8: 1.05 | W8: 13.37 | X8: 10.63
A9: 2026-09-26 | B9: Cheltenham Town | C9: Away | D9: 1 | E9: 2 | F9: 1.62 | G9: 1.32 | H9: 2.62 | I9: 0.91 | J9: 1 | K9: -0.41 | L9: 0.57 | M9: 0.13 | N9: 0.92 | O9: -0.37 | P9: 0.6 | Q9: 0.02 | R9: =(H9-I9)-(F9-G9) | S9: =(H9+I9)-(F9+G9) | T9: 2.37 | U9: 1.58 | V9: 0.79 | W9: 15.74 | X9: 12.21
A10: 2026-10-03 | B10: Tranmere Rovers | C10: Home | D10: 4 | E10: 2 | F10: 1.91 | G10: 1.03 | H10: 3.13 | I10: 0.52 | J10: 1.22 | K10: -0.51 | L10: 0.83 | M10: -0.24 | N10: 1.17 | O10: -0.52 | P10: 0.83 | Q10: -0.36 | R10: =(H10-I10)-(F10-G10) | S10: =(H10+I10)-(F10+G10) | T10: 2.72 | U10: 1.96 | V10: 0.76 | W10: 18.45 | X10: 14.17
A11: 2026-10-10 | B11: Crawley Town | C11: Away | D11: 2 | E11: 2 | F11: 2.01 | G11: 1.11 | H11: 1.58 | I11: 1.79 | J11: -0.43 | K11: 0.68 | L11: 0.71 | M11: -0.08 | N11: -0.76 | O11: 0.38 | P11: 0.64 | Q11: -0.23 | R11: =(H11-I11)-(F11-G11) | S11: =(H11+I11)-(F11+G11) | T11: 1.26 | U11: 1.96 | V11: -0.7 | W11: 19.71 | X11: 16.13
A13: Season summary
A14: Matches played | E14: =COUNTA(A2:A11)
A15: Total goals for | E15: =SUM(D2:D11)
A16: Total goals against | E16: =SUM(E2:E11)
A17: Avg xG Delta (For) | E17: =AVERAGE(J2:J11)
A18: Median xG Delta (For) | E18: =MEDIAN(J2:J11)
A19: Avg xG Delta (Against) | E19: =AVERAGE(K2:K11)
A20: Median xG Delta (Against) | E20: =MEDIAN(K2:K11)
A21: Avg xG Delta (For, Adj) | E21: =AVERAGE(N2:N11)
A22: Median xG Delta (For, Adj) | E22: =MEDIAN(N2:N11)
A23: Avg xG Delta (Against, Adj) | E23: =AVERAGE(O2:O11)
A24: Median xG Delta (Against, Adj) | E24: =MEDIAN(O2:O11)
A25: Avg Supremacy Delta | E25: =AVERAGE(R2:R11)
A26: Median Supremacy Delta | E26: =MEDIAN(R2:R11)
A27: Avg Total xG Delta | E27: =AVERAGE(S2:S11)
A28: Median Total xG Delta | E28: =MEDIAN(S2:S11)
A29: Current form (last 6, For) | E29: =L11
A30: Current form (last 6, Against) | E30: =M11
A31: Current form (last 6, For, Adj) | E31: =P11
A32: Current form (last 6, Against, Adj) | E32: =Q11
A33: Total xPts (Actual) | E33: =SUM(T2:T11)
A34: Total xPts (Market) | E34: =SUM(U2:U11)
A35: Avg xPts Delta | E35: =AVERAGE(V2:V11)
A37: Home / Away split
A38: Venue | B38: Matches | C38: GF | D38: GA | E38: Avg Supremacy | F38: Median Supremacy | G38: Avg Total xG Delta | H38: Median Total xG Delta
A39: Home | B39: 5 | C39: 10 | D39: 7 | E39: 0.79 | F39: 0.54 | G39: 0.59 | H39: 0.69
A40: Away | B40: 5 | C40: 7 | D40: 7 | E40: 0.39 | F40: 1.41 | G40: 0.64 | H40: 0.59
A41: Total | B41: 10 | C41: 17 | D41: 14 | E41: 0.59 | F41: 0.97 | G41: 0.61 | H41: 0.62

Sheet Colchester United
A1: Date | B1: Opponent | C1: Venue | D1: Goals For | E1: Goals Against | F1: xG Pre-Match (For) | G1: xG Pre-Match (Against) | H1: xG Actual (For) | I1: xG Actual (Against) | J1: xG Delta (For) | K1: xG Delta (Against) | L1: Rolling Delta (For) | M1: Rolling Delta (Against) | N1: xG Delta (For, Adj) | O1: xG Delta (Against, Adj) | P1: Rolling Delta (For, Adj) | Q1: Rolling Delta (Against, Adj) | R1: Supremacy Delta | S1: Match Total xG Delta | T1: xPts (Actual) | U1: xPts (Market) | V1: xPts Delta | W1: xPts (Actual, Cum.) | X1: xPts (Market, Cum.)
A2: 2026-08-15 | B2: Accrington Stanley | C2: Away | D2: 2 | E2: 2 | F2: 1.19 | G2: 1.33 | H2: 0.74 | I2: 2.78 | J2: -0.45 | K2: 1.45 | L2: -0.45 | M2: 1.45 | N2: -0.43 | O2: 1.17 | P2: -0.43 | Q2: 1.17 | R2: =(H2-I2)-(F2-G2) | S2: =(H2+I2)-(F2+G2) | T2: 0.35 | U2: 1.26 | V2: -0.92 | W2: 0.35 | X2: 1.26
A3: 2026-08-22 | B3: Oldham Athletic | C3: Home | D3: 2 | E3: 1 | F3: 1.38 | G3: 1.3 | H3: 2.37 | I3: 0.27 | J3: 0.99 | K3: -1.03 | L3: 0.27 | M3: 0.21 | N3: 1.13 | O3: -1.08 | P3: 0.35 | Q3: 0.05 | R3: =(H3-I3)-(F3-G3) | S3: =(H3+I3)-(F3+G3) | T3: 2.66 | U3: 1.43 | V3: 1.24 | W3: 3.01 | X3: 2.69
A4: 2026-08-29 | B4: Rochdale | C4: Home | D4: 1 | E4: 0 | F4: 1.43 | G4: 1.19 | H4: 1.12 | I4: 0.78 | J4: -0.31 | K4: -0.41 | L4: 0.08 | M4: 0 | N4: -0.61 | O4: 0.1 | P4: 0.03 | Q4: 0.07 | R4: =(H4-I4)-(F4-G4) | S4: =(H4+I4)-(F4+G4) | T4: 1.61 | U4: 1.54 | V4: 0.08 | W4: 4.62 | X4: 4.23
A5: 2026-09-01 | B5: Bristol Rvs | C5: Away | D5: 0 | E5: 2 | F5: 1.09 | G5: 1.74 | H5: 0.86 | I5: 2.99 | J5: -0.23 | K5: 1.25 | L5: 0 | M5: 0.31 | N5: -0.37 | O5: 1.26 | P5: -0.07 | Q5: 0.36 | R5: =(H5-I5)-(F5-G5) | S5: =(H5+I5)-(F5+G5) | T5: 0.35 | U5: 0.95 | V5: -0.59 | W5: 4.98 | X5: 5.17
A6: 2026-09-05 | B6: Swindon Town | C6: Away | D6: 1 | E6: 3 | F6: 1.34 | G6: 1.4 | H6: 1.49 | I6: 2.06 | J6: 0.15 | K6: 0.66 | L6: 0.03 | M6: 0.38 | N6: 0.13 | O6: 0.95 | P6: -0.03 | Q6: 0.48 | R6: =(H6-I6)-(F6-G6) | S6: =(H6+I6)-(F6+G6) | T6: 1.05 | U6: 1.33 | V6: -0.28 | W6: 6.03 | X6: 6.5
A7: 2026-09-12 | B7: Crewe Alexandra | C7: Home | D7: 1 | E7: 1 | F7: 1.58 | G7: 1.2 | H7: 1.3 | I7: 0.64 | J7: -0.28 | K7: -0.56 | L7: -0.02 | M7: 0.22 | N7: -0.18 | O7: -0.42 | P7: -0.05 | Q7: 0.33 | R7: =(H7-I7)-(F7-G7) | S7: =(H7+I7)-(F7+G7) | T7: 1.87 | U7: 1.63 | V7: 0.24 | W7: 7.89 | X7: 8.13
A8: 2026-09-19 | B8: Cheltenham Town | C8: Home | D8: 1 | E8: 1 | F8: 1.7 | G8: 1.13 | H8: 0.87 | I8: 1.53 | J8: -0.83 | K8: 0.4 | L8: -0.09 | M8: 0.05 | N8: -1.11 | O8: 0.53 | P8: -0.17 | Q8: 0.22 | R8: =(H8-I8)-(F8-G8) | S8: =(H8+I8)-(F8+G8) | T8: 0.9 | U8: 1.76 | V8: -0.86 | W8: 8.79 | X8: 9.89
A9: 2026-09-26 | B9: Shrewsbury Town | C9: Away | D9: 2 | E9: 2 | F9: 1.26 | G9: 1.32 | H9: 1.46 | I9: 1.38 | J9: 0.2 | K9: 0.06 | L9: -0.22 | M9: 0.23 | N9: 0.65 | O9: -0.1 | P9: -0.25 | Q9: 0.38 | R9: =(H9-I9)-(F9-G9) | S9: =(H9+I9)-(F9+G9) | T9: 1.43 | U9: 1.32 | V9: 0.1 | W9: 10.22 | X9: 11.22
A10: 2026-10-10 | B10: Newport County | C10: Away | D10: 0 | E10: 1 | F10: 1.41 | G10: 1.37 | H10: 0.61 | I10: 1.6 | J10: -0.8 | K10: 0.23 | L10: -0.3 | M10: 0.34 | N10: -0.49 | O10: 0.27 | P10: -0.23 | Q10: 0.41 | R10: =(H10-I10)-(F10-G10) | S10: =(H10+I10)-(F10+G10) | T10: 0.66 | U10: 1.4 | V10: -0.74 | W10: 10.89 | X10: 12.62
A12: Season summary
A13: Matches played | E13: =COUNTA(A2:A10)
A14: Total goals for | E14: =SUM(D2:D10)
A15: Total goals against | E15: =SUM(E2:E10)
A16: Avg xG Delta (For) | E16: =AVERAGE(J2:J10)
A17: Median xG Delta (For) | E17: =MEDIAN(J2:J10)
A18: Avg xG Delta (Against) | E18: =AVERAGE(K2:K10)
A19: Median xG Delta (Against) | E19: =MEDIAN(K2:K10)
A20: Avg xG Delta (For, Adj) | E20: =AVERAGE(N2:N10)
A21: Median xG Delta (For, Adj) | E21: =MEDIAN(N2:N10)
A22: Avg xG Delta (Against, Adj) | E22: =AVERAGE(O2:O10)
A23: Median xG Delta (Against, Adj) | E23: =MEDIAN(O2:O10)
A24: Avg Supremacy Delta | E24: =AVERAGE(R2:R10)
A25: Median Supremacy Delta | E25: =MEDIAN(R2:R10)
A26: Avg Total xG Delta | E26: =AVERAGE(S2:S10)
A27: Median Total xG Delta | E27: =MEDIAN(S2:S10)
A28: Current form (last 6, For) | E28: =L10
A29: Current form (last 6, Against) | E29: =M10
A30: Current form (last 6, For, Adj) | E30: =P10
A31: Current form (last 6, Against, Adj) | E31: =Q10
A32: Total xPts (Actual) | E32: =SUM(T2:T10)
A33: Total xPts (Market) | E33: =SUM(U2:U10)
A34: Avg xPts Delta | E34: =AVERAGE(V2:V10)
A36: Home / Away split
A37: Venue | B37: Matches | C37: GF | D37: GA | E37: Avg Supremacy | F37: Median Supremacy | G37: Avg Total xG Delta | H37: Median Total xG Delta
A38: Home | B38: 4 | C38: 5 | D38: 3 | E38: 0.29 | F38: 0.19 | G38: -0.51 | H38: -0.57
A39: Away | B39: 5 | C39: 5 | D39: 10 | E39: -0.96 | F39: -1.03 | G39: 0.5 | H39: 0.81
A40: Total | B40: 9 | C40: 10 | D40: 13 | E40: -0.4 | F40: -0.51 | G40: 0.05 | H40: -0.05

Sheet Crawley Town
A1: Date | B1: Opponent | C1: Venue | D1: Goals For | E1: Goals Against | F1: xG Pre-Match (For) | G1: xG Pre-Match (Against) | H1: xG Actual (For) | I1: xG Actual (Against) | J1: xG Delta (For) | K1: xG Delta (Against) | L1: Rolling Delta (For) | M1: Rolling Delta (Against) | N1: xG Delta (For, Adj) | O1: xG Delta (Against, Adj) | P1: Rolling Delta (For, Adj) | Q1: Rolling Delta (Against, Adj) | R1: Supremacy Delta | S1: Match Total xG Delta | T1: xPts (Actual) | U1: xPts (Market) | V1: xPts Delta | W1: xPts (Actual, Cum.) | X1: xPts (Market, Cum.)
A2: 2026-08-15 | B2: Crewe Alexandra | C2: Home | D2: 0 | E2: 1 | F2: 1.33 | G2: 1.29 | H2: 0.93 | I2: 2.2 | J2: -0.4 | K2: 0.91 | L2: -0.4 | M2: 0.91 | N2: -0.32 | O2: 1.21 | P2: -0.32 | Q2: 1.21 | R2: =(H2-I2)-(F2-G2) | S2: =(H2+I2)-(F2+G2) | T2: 0.63 | U2: 1.4 | V2: -0.77 | W2: 0.63 | X2: 1.4
A3: 2026-08-22 | B3: Rochdale | C3: Away | D3: 2 | E3: 1 | F3: 1.07 | G3: 1.65 | H3: 2.16 | I3: 0.53 | J3: 1.09 | K3: -1.11 | L3: 0.34 | M3: -0.1 | N3: 0.95 | O3: -0.68 | P3: 0.31 | Q3: 0.27 | R3: =(H3-I3)-(F3-G3) | S3: =(H3+I3)-(F3+G3) | T3: 2.43 | U3: 0.99 | V3: 1.44 | W3: 3.06 | X3: 2.39
A4: 2026-08-29 | B4: Bristol Rvs | C4: Home | D4: 0 | E4: 2 | F4: 1.14 | G4: 1.52 | H4: 0.72 | I4: 1.98 | J4: -0.41 | K4: 0.46 | L4: 0.09 | M4: 0.09 | N4: -0.58 | O4: 0.39 | P4: 0.02 | Q4: 0.31 | R4: =(H4-I4)-(F4-G4) | S4: =(H4+I4)-(F4+G4) | T4: 0.58 | U4: 1.11 | V4: -0.52 | W4: 3.64 | X4: 3.49
A5: 2026-09-01 | B5: Northampton Town | C5: Away | D5: 1 | E5: 1 | F5: 0.99 | G5: 1.76 | H5: 2.62 | I5: 0.55 | J5: 1.63 | K5: -1.21 | L5: 0.47 | M5: -0.24 | N5: 2.01 | O5: -0.61 | P5: 0.52 | Q5: 0.08 | R5: =(H5-I5)-(F5-G5) | S5: =(H5+I5)-(F5+G5) | T5: 2.58 | U5: 0.87 | V5: 1.71 | W5: 6.22 | X5: 4.36
A6: 2026-09-05 | B6: Accrington Stanley | C6: Away | D6: 2 | E6: 3 | F6: 1.17 | G6: 1.66 | H6: 1.49 | I6: 2.07 | J6: 0.32 | K6: 0.41 | L6: 0.44 | M6: -0.11 | N6: 0.42 | O6: 0.01 | P6: 0.5 | Q6: 0.06 | R6: =(H6-I6)-(F6-G6) | S6: =(H6+I6)-(F6+G6) | T6: 1.04 | U6: 1.05 | V6: -0.01 | W6: 7.26 | X6: 5.41
A7: 2026-09-12 | B7: Cheltenham Town | C7: Home | D7: 1 | E7: 3 | F7: 1.53 | G7: 1.41 | H7: 1.44 | I7: 1.9 | J7: -0.09 | K7: 0.49 | L7: 0.36 | M7: -0.01 | N7: -0.29 | O7: 0.63 | P7: 0.37 | Q7: 0.16 | R7: =(H7-I7)-(F7-G7) | S7: =(H7+I7)-(F7+G7) | T7: 1.1 | U7: 1.45 | V7: -0.35 | W7: 8.36 | X7: 6.87
A8: 2026-09-19 | B8: Grimsby Town | C8: Away | D8: 0 | E8: 2 | F8: 1.01 | G8: 2.22 | H8: 0.94 | I8: 4.59 | J8: -0.07 | K8: 2.37 | L8: 0.41 | M8: 0.23 | N8: -0.4 | O8: 2.35 | P8: 0.35 | Q8: 0.35 | R8: =(H8-I8)-(F8-G8) | S8: =(H8+I8)-(F8+G8) | T8: 0.14 | U8: 0.67 | V8: -0.54 | W8: 8.5 | X8: 7.54
A9: 2026-10-10 | B9: Chesterfield | C9: Home | D9: 2 | E9: 2 | F9: 1.11 | G9: 2.01 | H9: 1.79 | I9: 1.58 | J9: 0.68 | K9: -0.43 | L9: 0.34 | M9: 0.35 | N9: 0.74 | O9: -1.14 | P9: 0.32 | Q9: 0.27 | R9: =(H9-I9)-(F9-G9) | S9: =(H9+I9)-(F9+G9) | T9: 1.52 | U9: 0.83 | V9: 0.69 | W9: 10.02 | X9: 8.37
A11: Season summary
A12: Matches played | E12: =COUNTA(A2:A9)
A13: Total goals for | E13: =SUM(D2:D9)
A14: Total goals against | E14: =SUM(E2:E9)
A15: Avg xG Delta (For) | E15: =AVERAGE(J2:J9)
A16: Median xG Delta (For) | E16: =MEDIAN(J2:J9)
A17: Avg xG Delta (Against) | E17: =AVERAGE(K2:K9)
A18: Median xG Delta (Against) | E18: =MEDIAN(K2:K9)
A19: Avg xG Delta (For, Adj) | E19: =AVERAGE(N2:N9)
A20: Median xG Delta (For, Adj) | E20: =MEDIAN(N2:N9)
A21: Avg xG Delta (Against, Adj) | E21: =AVERAGE(O2:O9)
A22: Median xG Delta (Against, Adj) | E22: =MEDIAN(O2:O9)
A23: Avg Supremacy Delta | E23: =AVERAGE(R2:R9)
A24: Median Supremacy Delta | E24: =MEDIAN(R2:R9)
A25: Avg Total xG Delta | E25: =AVERAGE(S2:S9)
A26: Median Total xG Delta | E26: =MEDIAN(S2:S9)
A27: Current form (last 6, For) | E27: =L9
A28: Current form (last 6, Against) | E28: =M9
A29: Current form (last 6, For, Adj) | E29: =P9
A30: Current form (last 6, Against, Adj) | E30: =Q9
A31: Total xPts (Actual) | E31: =SUM(T2:T9)
A32: Total xPts (Market) | E32: =SUM(U2:U9)
A33: Avg xPts Delta | E33: =AVERAGE(V2:V9)
A35: Home / Away split
A36: Venue | B36: Matches | C36: GF | D36: GA | E36: Avg Supremacy | F36: Median Supremacy | G36: Avg Total xG Delta | H36: Median Total xG Delta
A37: Home | B37: 4 | C37: 3 | D37: 8 | E37: -0.41 | F37: -0.72 | G37: 0.3 | H37: 0.33
A38: Away | B38: 4 | C38: 5 | D38: 7 | E38: 0.63 | F38: 1.06 | G38: 0.86 | H38: 0.57
A39: Total | B39: 8 | C39: 8 | D39: 15 | E39: 0.11 | F39: -0.33 | G39: 0.58 | H39: 0.41

Sheet Crewe Alexandra
A1: Date | B1: Opponent | C1: Venue | D1: Goals For | E1: Goals Against | F1: xG Pre-Match (For) | G1: xG Pre-Match (Against) | H1: xG Actual (For) | I1: xG Actual (Against) | J1: xG Delta (For) | K1: xG Delta (Against) | L1: Rolling Delta (For) | M1: Rolling Delta (Against) | N1: xG Delta (For, Adj) | O1: xG Delta (Against, Adj) | P1: Rolling Delta (For, Adj) | Q1: Rolling Delta (Against, Adj) | R1: Supremacy Delta | S1: Match Total xG Delta | T1: xPts (Actual) | U1: xPts (Market) | V1: xPts Delta | W1: xPts (Actual, Cum.) | X1: xPts (Market, Cum.)
A2: 2026-08-15 | B2: Crawley Town | C2: Away | D2: 1 | E2: 0 | F2: 1.29 | G2: 1.33 | H2: 2.2 | I2: 0.93 | J2: 0.91 | K2: -0.4 | L2: 0.91 | M2: -0.4 | N2: 0.77 | O2: -0.85 | P2: 0.77 | Q2: -0.85 | R2: =(H2-I2)-(F2-G2) | S2: =(H2+I2)-(F2+G2) | T2: 2.18 | U2: 1.34 | V2: 0.84 | W2: 2.18 | X2: 1.34
A3: 2026-08-22 | B3: Northampton Town | C3: Home | D3: 1 | E3: 0 | F3: 1.46 | G3: 1.13 | H3: 0.48 | I3: 0.77 | J3: -0.98 | K3: -0.36 | L3: -0.04 | M3: -0.38 | N3: -0.97 | O3: 0.35 | P3: -0.1 | Q3: -0.25 | R3: =(H3-I3)-(F3-G3) | S3: =(H3+I3)-(F3+G3) | T3: 1.03 | U3: 1.6 | V3: -0.57 | W3: 3.21 | X3: 2.94
A4: 2026-08-29 | B4: Port Vale | C4: Away | D4: 0 | E4: 0 | F4: 1.19 | G4: 1.49 | H4: 1.18 | I4: 1.06 | J4: -0.01 | K4: -0.43 | L4: -0.03 | M4: -0.4 | N4: 0.27 | O4: -0.45 | P4: 0.02 | Q4: -0.32 | R4: =(H4-I4)-(F4-G4) | S4: =(H4+I4)-(F4+G4) | T4: 1.45 | U4: 1.16 | V4: 0.29 | W4: 4.65 | X4: 4.1
A5: 2026-09-01 | B5: Walsall | C5: Home | D5: 2 | E5: 2 | F5: 1.52 | G5: 1.27 | H5: 1.49 | I5: 1.82 | J5: -0.03 | K5: 0.55 | L5: -0.03 | M5: -0.16 | N5: -0.11 | O5: 0.52 | P5: -0.01 | Q5: -0.11 | R5: =(H5-I5)-(F5-G5) | S5: =(H5+I5)-(F5+G5) | T5: 1.18 | U5: 1.54 | V5: -0.36 | W5: 5.83 | X5: 5.64
A6: 2026-09-05 | B6: York | C6: Home | D6: 1 | E6: 1 | F6: 1.28 | G6: 1.44 | H6: 1.14 | I6: 2.51 | J6: -0.14 | K6: 1.07 | L6: -0.05 | M6: 0.08 | N6: -0.13 | O6: 0.83 | P6: -0.03 | Q6: 0.08 | R6: =(H6-I6)-(F6-G6) | S6: =(H6+I6)-(F6+G6) | T6: 0.64 | U6: 1.27 | V6: -0.63 | W6: 6.47 | X6: 6.91
A7: 2026-09-12 | B7: Colchester United | C7: Away | D7: 1 | E7: 1 | F7: 1.2 | G7: 1.58 | H7: 0.64 | I7: 1.3 | J7: -0.56 | K7: -0.28 | L7: -0.14 | M7: 0.02 | N7: -0.89 | O7: -0.12 | P7: -0.18 | Q7: 0.05 | R7: =(H7-I7)-(F7-G7) | S7: =(H7+I7)-(F7+G7) | T7: 0.84 | U7: 1.12 | V7: -0.28 | W7: 7.31 | X7: 8.03
A8: 2026-09-19 | B8: Shrewsbury Town | C8: Home | D8: 1 | E8: 1 | F8: 1.56 | G8: 1.05 | H8: 0.95 | I8: 2.25 | J8: -0.61 | K8: 1.2 | L8: -0.39 | M8: 0.29 | N8: -0.25 | O8: 1.17 | P8: -0.35 | Q8: 0.38 | R8: =(H8-I8)-(F8-G8) | S8: =(H8+I8)-(F8+G8) | T8: 0.62 | U8: 1.73 | V8: -1.11 | W8: 7.93 | X8: 9.76
A9: 2026-09-26 | B9: Rotherham United | C9: Away | D9: 1 | E9: 1 | F9: 1.28 | G9: 1.62 | H9: 0.35 | I9: 0.64 | J9: -0.93 | K9: -0.98 | L9: -0.38 | M9: 0.19 | N9: -0.89 | O9: -1.29 | P9: -0.33 | Q9: 0.11 | R9: =(H9-I9)-(F9-G9) | S9: =(H9+I9)-(F9+G9) | T9: 0.98 | U9: 1.15 | V9: -0.17 | W9: 8.91 | X9: 10.91
A10: 2026-10-03 | B10: Bristol Rvs | C10: Home | D10: 3 | E10: 1 | F10: 1.24 | G10: 1.53 | H10: 1.6 | I10: 0.79 | J10: 0.36 | K10: -0.74 | L10: -0.32 | M10: 0.14 | N10: 0.28 | O10: -0.95 | P10: -0.33 | Q10: 0.03 | R10: =(H10-I10)-(F10-G10) | S10: =(H10+I10)-(F10+G10) | T10: 1.95 | U10: 1.18 | V10: 0.77 | W10: 10.86 | X10: 12.08
A11: 2026-10-10 | B11: Swindon Town | C11: Away | D11: 1 | E11: 0 | F11: 1.45 | G11: 1.42 | H11: 1.61 | I11: 0.64 | J11: 0.16 | K11: -0.78 | L11: -0.29 | M11: -0.08 | N11: 0.14 | O11: -0.65 | P11: -0.29 | Q11: -0.17 | R11: =(H11-I11)-(F11-G11) | S11: =(H11+I11)-(F11+G11) | T11: 2.07 | U11: 1.4 | V11: 0.68 | W11: 12.93 | X11: 13.48
A13: Season summary
A14: Matches played | E14: =COUNTA(A2:A11)
A15: Total goals for | E15: =SUM(D2:D11)
A16: Total goals against | E16: =SUM(E2:E11)
A17: Avg xG Delta (For) | E17: =AVERAGE(J2:J11)
A18: Median xG Delta (For) | E18: =MEDIAN(J2:J11)
A19: Avg xG Delta (Against) | E19: =AVERAGE(K2:K11)
A20: Median xG Delta (Against) | E20: =MEDIAN(K2:K11)
A21: Avg xG Delta (For, Adj) | E21: =AVERAGE(N2:N11)
A22: Median xG Delta (For, Adj) | E22: =MEDIAN(N2:N11)
A23: Avg xG Delta (Against, Adj) | E23: =AVERAGE(O2:O11)
A24: Median xG Delta (Against, Adj) | E24: =MEDIAN(O2:O11)
A25: Avg Supremacy Delta | E25: =AVERAGE(R2:R11)
A26: Median Supremacy Delta | E26: =MEDIAN(R2:R11)
A27: Avg Total xG Delta | E27: =AVERAGE(S2:S11)
A28: Median Total xG Delta | E28: =MEDIAN(S2:S11)
A29: Current form (last 6, For) | E29: =L11
A30: Current form (last 6, Against) | E30: =M11
A31: Current form (last 6, For, Adj) | E31: =P11
A32: Current form (last 6, Against, Adj) | E32: =Q11
A33: Total xPts (Actual) | E33: =SUM(T2:T11)
A34: Total xPts (Market) | E34: =SUM(U2:U11)
A35: Avg xPts Delta | E35: =AVERAGE(V2:V11)
A37: Home / Away split
A38: Venue | B38: Matches | C38: GF | D38: GA | E38: Avg Supremacy | F38: Median Supremacy | G38: Avg Total xG Delta | H38: Median Total xG Delta
A39: Home | B39: 5 | C39: 8 | D39: 5 | E39: -0.63 | F39: -0.62 | G39: 0.06 | H39: 0.52
A40: Away | B40: 5 | C40: 4 | D40: 2 | E40: 0.49 | F40: 0.43 | G40: -0.66 | H40: -0.61
A41: Total | B41: 10 | C41: 12 | D41: 7 | E41: -0.07 | F41: -0.11 | G41: -0.3 | H41: -0.42

Sheet Exeter
A1: Date | B1: Opponent | C1: Venue | D1: Goals For | E1: Goals Against | F1: xG Pre-Match (For) | G1: xG Pre-Match (Against) | H1: xG Actual (For) | I1: xG Actual (Against) | J1: xG Delta (For) | K1: xG Delta (Against) | L1: Rolling Delta (For) | M1: Rolling Delta (Against) | N1: xG Delta (For, Adj) | O1: xG Delta (Against, Adj) | P1: Rolling Delta (For, Adj) | Q1: Rolling Delta (Against, Adj) | R1: Supremacy Delta | S1: Match Total xG Delta | T1: xPts (Actual) | U1: xPts (Market) | V1: xPts Delta | W1: xPts (Actual, Cum.) | X1: xPts (Market, Cum.)
A2: 2026-08-15 | B2: Grimsby Town | C2: Away | D2: 0 | E2: 1 | F2: 1.02 | G2: 1.7 | H2: 0.75 | I2: 1.43 | J2: -0.27 | K2: -0.27 | L2: -0.27 | M2: -0.27 | N2: -0.62 | O2: -0.59 | P2: -0.62 | Q2: -0.59 | R2: =(H2-I2)-(F2-G2) | S2: =(H2+I2)-(F2+G2) | T2: 0.86 | U2: 0.92 | V2: -0.06 | W2: 0.86 | X2: 0.92
A3: 2026-08-22 | B3: Accrington Stanley | C3: Home | D3: 2 | E3: 0 | F3: 1.58 | G3: 1.06 | H3: 2.31 | I3: 0.68 | J3: 0.73 | K3: -0.38 | L3: 0.23 | M3: -0.33 | N3: 0.88 | O3: -0.87 | P3: 0.13 | Q3: -0.73 | R3: =(H3-I3)-(F3-G3) | S3: =(H3+I3)-(F3+G3) | T3: 2.39 | U3: 1.73 | V3: 0.66 | W3: 3.25 | X3: 2.65
A4: 2026-08-29 | B4: York | C4: Away | D4: 1 | E4: 2 | F4: 0.96 | G4: 1.8 | H4: 0.89 | I4: 1.18 | J4: -0.07 | K4: -0.62 | L4: 0.13 | M4: -0.43 | N4: -0.04 | O4: -1.08 | P4: 0.07 | Q4: -0.85 | R4: =(H4-I4)-(F4-G4) | S4: =(H4+I4)-(F4+G4) | T4: 1.13 | U4: 0.82 | V4: 0.3 | W4: 4.38 | X4: 3.47
A5: 2026-09-01 | B5: Barnet | C5: Home | D5: 1 | E5: 1 | F5: 1.18 | G5: 1.76 | H5: 1.05 | I5: 1.02 | J5: -0.13 | K5: -0.74 | L5: 0.07 | M5: -0.5 | N5: -0.53 | O5: -1.16 | P5: -0.08 | Q5: -0.92 | R5: =(H5-I5)-(F5-G5) | S5: =(H5+I5)-(F5+G5) | T5: 1.37 | U5: 1 | V5: 0.37 | W5: 5.75 | X5: 4.47
A6: 2026-09-05 | B6: Walsall | C6: Home | D6: 0 | E6: 0 | F6: 1.41 | G6: 1.35 | H6: 1.52 | I6: 0.4 | J6: 0.11 | K6: -0.95 | L6: 0.07 | M6: -0.59 | N6: 0.04 | O6: -1.16 | P6: -0.05 | Q6: -0.97 | R6: =(H6-I6)-(F6-G6) | S6: =(H6+I6)-(F6+G6) | T6: 2.21 | U6: 1.42 | V6: 0.8 | W6: 7.96 | X6: 5.89
A7: 2026-09-12 | B7: Port Vale | C7: Away | D7: 0 | E7: 1 | F7: 1.06 | G7: 1.52 | H7: 0.55 | I7: 1.95 | J7: -0.51 | K7: 0.43 | L7: -0.02 | M7: -0.42 | N7: -0.31 | O7: 0.53 | P7: -0.1 | Q7: -0.72 | R7: =(H7-I7)-(F7-G7) | S7: =(H7+I7)-(F7+G7) | T7: 0.48 | U7: 1.05 | V7: -0.56 | W7: 8.45 | X7: 6.94
A8: 2026-09-19 | B8: Tranmere Rovers | C8: Home | D8: 0 | E8: 0 | F8: 1.45 | G8: 1.16 | H8: 0.73 | I8: 0.88 | J8: -0.72 | K8: -0.28 | L8: -0.1 | M8: -0.43 | N8: -0.98 | O8: -0.27 | P8: -0.16 | Q8: -0.67 | R8: =(H8-I8)-(F8-G8) | S8: =(H8+I8)-(F8+G8) | T8: 1.2 | U8: 1.57 | V8: -0.38 | W8: 9.64 | X8: 8.51
A9: 2026-09-26 | B9: Bristol Rvs | C9: Away | D9: 0 | E9: 1 | F9: 1 | G9: 1.78 | H9: 0.66 | I9: 2.02 | J9: -0.34 | K9: 0.24 | L9: -0.28 | M9: -0.32 | N9: -0.49 | O9: 0.14 | P9: -0.39 | Q9: -0.5 | R9: =(H9-I9)-(F9-G9) | S9: =(H9+I9)-(F9+G9) | T9: 0.53 | U9: 0.86 | V9: -0.34 | W9: 10.17 | X9: 9.37
A10: 2026-10-03 | B10: Rotherham United | C10: Home | D10: 1 | E10: 0 | F10: 1.33 | G10: 1.32 | H10: 2.18 | I10: 0.47 | J10: 0.85 | K10: -0.85 | L10: -0.12 | M10: -0.36 | N10: 1.09 | O10: -1.14 | P10: -0.2 | Q10: -0.51 | R10: =(H10-I10)-(F10-G10) | S10: =(H10+I10)-(F10+G10) | T10: 2.47 | U10: 1.37 | V10: 1.1 | W10: 12.64 | X10: 10.75
A11: 2026-10-10 | B11: Shrewsbury Town | C11: Away | D11: 1 | E11: 0 | F11: 1.08 | G11: 1.36 | H11: 1.43 | I11: 1.25 | J11: 0.35 | K11: -0.11 | L11: -0.04 | M11: -0.26 | N11: 0.82 | O11: -0.3 | P11: 0.03 | Q11: -0.37 | R11: =(H11-I11)-(F11-G11) | S11: =(H11+I11)-(F11+G11) | T11: 1.5 | U11: 1.16 | V11: 0.33 | W11: 14.14 | X11: 11.91
A13: Season summary
A14: Matches played | E14: =COUNTA(A2:A11)
A15: Total goals for | E15: =SUM(D2:D11)
A16: Total goals against | E16: =SUM(E2:E11)
A17: Avg xG Delta (For) | E17: =AVERAGE(J2:J11)
A18: Median xG Delta (For) | E18: =MEDIAN(J2:J11)
A19: Avg xG Delta (Against) | E19: =AVERAGE(K2:K11)
A20: Median xG Delta (Against) | E20: =MEDIAN(K2:K11)
A21: Avg xG Delta (For, Adj) | E21: =AVERAGE(N2:N11)
A22: Median xG Delta (For, Adj) | E22: =MEDIAN(N2:N11)
A23: Avg xG Delta (Against, Adj) | E23: =AVERAGE(O2:O11)
A24: Median xG Delta (Against, Adj) | E24: =MEDIAN(O2:O11)
A25: Avg Supremacy Delta | E25: =AVERAGE(R2:R11)
A26: Median Supremacy Delta | E26: =MEDIAN(R2:R11)
A27: Avg Total xG Delta | E27: =AVERAGE(S2:S11)
A28: Median Total xG Delta | E28: =MEDIAN(S2:S11)
A29: Current form (last 6, For) | E29: =L11
A30: Current form (last 6, Against) | E30: =M11
A31: Current form (last 6, For, Adj) | E31: =P11
A32: Current form (last 6, Against, Adj) | E32: =Q11
A33: Total xPts (Actual) | E33: =SUM(T2:T11)
A34: Total xPts (Market) | E34: =SUM(U2:U11)
A35: Avg xPts Delta | E35: =AVERAGE(V2:V11)
A37: Home / Away split
A38: Venue | B38: Matches | C38: GF | D38: GA | E38: Avg Supremacy | F38: Median Supremacy | G38: Avg Total xG Delta | H38: Median Total xG Delta
A39: Home | B39: 5 | C39: 4 | D39: 1 | E39: 0.81 | F39: 1.06 | G39: -0.47 | H39: -0.84
A40: Away | B40: 5 | C40: 2 | D40: 5 | E40: -0.1 | F40: 0 | G40: -0.24 | H40: -0.1
A41: Total | B41: 10 | C41: 6 | D41: 6 | E41: 0.35 | F41: 0.51 | G41: -0.35 | H41: -0.32

Sheet Fleetwood Town
A1: Date | B1: Opponent | C1: Venue | D1: Goals For | E1: Goals Against | F1: xG Pre-Match (For) | G1: xG Pre-Match (Against) | H1: xG Actual (For) | I1: xG Actual (Against) | J1: xG Delta (For) | K1: xG Delta (Against) | L1: Rolling Delta (For) | M1: Rolling Delta (Against) | N1: xG Delta (For, Adj) | O1: xG Delta (Against, Adj) | P1: Rolling Delta (For, Adj) | Q1: Rolling Delta (Against, Adj) | R1: Supremacy Delta | S1: Match Total xG Delta | T1: xPts (Actual) | U1: xPts (Market) | V1: xPts Delta | W1: xPts (Actual, Cum.) | X1: xPts (Market, Cum.)
A2: 2026-08-15 | B2: Chesterfield | C2: Away | D2: 1 | E2: 0 | F2: 0.95 | G2: 1.63 | H2: 1.11 | I2: 2.17 | J2: 0.16 | K2: 0.54 | L2: 0.16 | M2: 0.54 | N2: 0.16 | O2: -0.07 | P2: 0.16 | Q2: -0.07 | R2: =(H2-I2)-(F2-G2) | S2: =(H2+I2)-(F2+G2) | T2: 0.76 | U2: 0.91 | V2: -0.15 | W2: 0.76 | X2: 0.91
A3: 2026-08-22 | B3: Gillingham | C3: Home | D3: 0 | E3: 0 | F3: 1.64 | G3: 1 | H3: 1.16 | I3: 1.18 | J3: -0.48 | K3: 0.18 | L3: -0.16 | M3: 0.36 | N3: -0.43 | O3: 0.12 | P3: -0.13 | Q3: 0.02 | R3: =(H3-I3)-(F3-G3) | S3: =(H3+I3)-(F3+G3) | T3: 1.34 | U3: 1.81 | V3: -0.47 | W3: 2.1 | X3: 2.72
A4: 2026-08-29 | B4: Grimsby Town | C4: Away | D4: 2 | E4: 2 | F4: 0.98 | G4: 1.61 | H4: 1.61 | I4: 2.92 | J4: 0.63 | K4: 1.31 | L4: 0.1 | M4: 0.67 | N4: 0.38 | O4: 1.17 | P4: 0.04 | Q4: 0.41 | R4: =(H4-I4)-(F4-G4) | S4: =(H4+I4)-(F4+G4) | T4: 0.74 | U4: 0.94 | V4: -0.2 | W4: 2.84 | X4: 3.66
A5: 2026-09-01 | B5: Oldham Athletic | C5: Home | D5: 1 | E5: 1 | F5: 1.31 | G5: 1.3 | H5: 0.84 | I5: 1.42 | J5: -0.47 | K5: 0.12 | L5: -0.04 | M5: 0.53 | N5: -0.51 | O5: 0.22 | P5: -0.1 | Q5: 0.36 | R5: =(H5-I5)-(F5-G5) | S5: =(H5+I5)-(F5+G5) | T5: 0.94 | U5: 1.37 | V5: -0.43 | W5: 3.78 | X5: 5.03
A6: 2026-09-05 | B6: Shrewsbury Town | C6: Home | D6: 2 | E6: 0 | F6: 1.56 | G6: 0.99 | H6: 0.8 | I6: 0.71 | J6: -0.76 | K6: -0.28 | L6: -0.18 | M6: 0.37 | N6: -0.42 | O6: -0.48 | P6: -0.16 | Q6: 0.19 | R6: =(H6-I6)-(F6-G6) | S6: =(H6+I6)-(F6+G6) | T6: 1.4 | U6: 1.77 | V6: -0.38 | W6: 5.17 | X6: 6.81
A7: 2026-09-12 | B7: Newport County | C7: Away | D7: 1 | E7: 1 | F7: 1.55 | G7: 1.16 | H7: 1.06 | I7: 2.64 | J7: -0.49 | K7: 1.48 | L7: -0.24 | M7: 0.56 | N7: -0.15 | O7: 1.66 | P7: -0.16 | Q7: 0.44 | R7: =(H7-I7)-(F7-G7) | S7: =(H7+I7)-(F7+G7) | T7: 0.55 | U7: 1.64 | V7: -1.09 | W7: 5.72 | X7: 8.45
A8: 2026-09-19 | B8: Barnet | C8: Away | D8: 1 | E8: 3 | F8: 1.07 | G8: 1.88 | H8: 1.58 | I8: 2.55 | J8: 0.51 | K8: 0.67 | L8: -0.18 | M8: 0.58 | N8: 0.2 | O8: 0.45 | P8: -0.15 | Q8: 0.52 | R8: =(H8-I8)-(F8-G8) | S8: =(H8+I8)-(F8+G8) | T8: 0.87 | U8: 0.86 | V8: 0.01 | W8: 6.59 | X8: 9.31
A9: 2026-09-26 | B9: Rochdale | C9: Home | D9: 1 | E9: 2 | F9: 1.65 | G9: 1.04 | H9: 1.52 | I9: 1.4 | J9: -0.13 | K9: 0.36 | L9: -0.12 | M9: 0.61 | N9: -0.41 | O9: 0.96 | P9: -0.15 | Q9: 0.66 | R9: =(H9-I9)-(F9-G9) | S9: =(H9+I9)-(F9+G9) | T9: 1.46 | U9: 1.79 | V9: -0.34 | W9: 8.05 | X9: 11.1
A10: 2026-10-03 | B10: Salford City | C10: Away | D10: 0 | E10: 1 | F10: 1.01 | G10: 1.86 | H10: 0.62 | I10: 2.04 | J10: -0.39 | K10: 0.18 | L10: -0.29 | M10: 0.42 | N10: -0.41 | O10: 0.65 | P10: -0.28 | Q10: 0.58 | R10: =(H10-I10)-(F10-G10) | S10: =(H10+I10)-(F10+G10) | T10: 0.5 | U10: 0.83 | V10: -0.34 | W10: 8.54 | X10: 11.94
A11: 2026-10-10 | B11: Walsall | C11: Home | D11: 1 | E11: 1 | F11: 1.5 | G11: 1.25 | H11: 1.57 | I11: 0.89 | J11: 0.07 | K11: -0.36 | L11: -0.2 | M11: 0.34 | N11: 0 | O11: -0.5 | P11: -0.2 | Q11: 0.46 | R11: =(H11-I11)-(F11-G11) | S11: =(H11+I11)-(F11+G11) | T11: 1.85 | U11: 1.54 | V11: 0.31 | W11: 10.4 | X11: 13.48
A13: Season summary
A14: Matches played | E14: =COUNTA(A2:A11)
A15: Total goals for | E15: =SUM(D2:D11)
A16: Total goals against | E16: =SUM(E2:E11)
A17: Avg xG Delta (For) | E17: =AVERAGE(J2:J11)
A18: Median xG Delta (For) | E18: =MEDIAN(J2:J11)
A19: Avg xG Delta (Against) | E19: =AVERAGE(K2:K11)
A20: Median xG Delta (Against) | E20: =MEDIAN(K2:K11)
A21: Avg xG Delta (For, Adj) | E21: =AVERAGE(N2:N11)
A22: Median xG Delta (For, Adj) | E22: =MEDIAN(N2:N11)
A23: Avg xG Delta (Against, Adj) | E23: =AVERAGE(O2:O11)
A24: Median xG Delta (Against, Adj) | E24: =MEDIAN(O2:O11)
A25: Avg Supremacy Delta | E25: =AVERAGE(R2:R11)
A26: Median Supremacy Delta | E26: =MEDIAN(R2:R11)
A27: Avg Total xG Delta | E27: =AVERAGE(S2:S11)
A28: Median Total xG Delta | E28: =MEDIAN(S2:S11)
A29: Current form (last 6, For) | E29: =L11
A30: Current form (last 6, Against) | E30: =M11
A31: Current form (last 6, For, Adj) | E31: =P11
A32: Current form (last 6, Against, Adj) | E32: =Q11
A33: Total xPts (Actual) | E33: =SUM(T2:T11)
A34: Total xPts (Market) | E34: =SUM(U2:U11)
A35: Avg xPts Delta | E35: =AVERAGE(V2:V11)
A37: Home / Away split
A38: Venue | B38: Matches | C38: GF | D38: GA | E38: Avg Supremacy | F38: Median Supremacy | G38: Avg Total xG Delta | H38: Median Total xG Delta
A39: Home | B39: 5 | C39: 5 | D39: 4 | E39: -0.36 | F39: -0.49 | G39: -0.35 | H39: -0.3
A40: Away | B40: 5 | C40: 5 | D40: 7 | E40: -0.75 | F40: -0.57 | G40: 0.92 | H40: 0.99
A41: Total | B41: 10 | C41: 10 | D41: 11 | E41: -0.55 | F41: -0.53 | G41: 0.28 | H41: 0.01

Sheet Gillingham
A1: Date | B1: Opponent | C1: Venue | D1: Goals For | E1: Goals Against | F1: xG Pre-Match (For) | G1: xG Pre-Match (Against) | H1: xG Actual (For) | I1: xG Actual (Against) | J1: xG Delta (For) | K1: xG Delta (Against) | L1: Rolling Delta (For) | M1: Rolling Delta (Against) | N1: xG Delta (For, Adj) | O1: xG Delta (Against, Adj) | P1: Rolling Delta (For, Adj) | Q1: Rolling Delta (Against, Adj) | R1: Supremacy Delta | S1: Match Total xG Delta | T1: xPts (Actual) | U1: xPts (Market) | V1: xPts Delta | W1: xPts (Actual, Cum.) | X1: xPts (Market, Cum.)
A2: 2026-08-15 | B2: Walsall | C2: Home | D2: 0 | E2: 3 | F2: 1.43 | G2: 1.15 | H2: 1.45 | I2: 3.1 | J2: 0.02 | K2: 1.95 | L2: 0.02 | M2: 1.95 | N2: -0.06 | O2: 2.1 | P2: -0.06 | Q2: 2.1 | R2: =(H2-I2)-(F2-G2) | S2: =(H2+I2)-(F2+G2) | T2: 0.59 | U2: 1.57 | V2: -0.98 | W2: 0.59 | X2: 1.57
A3: 2026-08-22 | B3: Fleetwood Town | C3: Away | D3: 0 | E3: 0 | F3: 1 | G3: 1.64 | H3: 1.18 | I3: 1.16 | J3: 0.18 | K3: -0.48 | L3: 0.1 | M3: 0.74 | N3: -0.27 | O3: -0.38 | P3: -0.17 | Q3: 0.86 | R3: =(H3-I3)-(F3-G3) | S3: =(H3+I3)-(F3+G3) | T3: 1.37 | U3: 0.94 | V3: 0.43 | W3: 1.97 | X3: 2.51
A4: 2026-08-29 | B4: Northampton Town | C4: Home | D4: 1 | E4: 1 | F4: 1.32 | G4: 1.26 | H4: 0.89 | I4: 0.35 | J4: -0.43 | K4: -0.91 | L4: -0.08 | M4: 0.19 | N4: -0.34 | O4: -0.27 | P4: -0.22 | Q4: 0.49 | R4: =(H4-I4)-(F4-G4) | S4: =(H4+I4)-(F4+G4) | T4: 1.81 | U4: 1.41 | V4: 0.4 | W4: 3.77 | X4: 3.92
A5: 2026-09-01 | B5: Chesterfield | C5: Away | D5: 1 | E5: 1 | F5: 0.83 | G5: 1.79 | H5: 0.56 | I5: 2.05 | J5: -0.27 | K5: 0.26 | L5: -0.13 | M5: 0.21 | N5: -0.32 | O5: -0.37 | P5: -0.25 | Q5: 0.27 | R5: =(H5-I5)-(F5-G5) | S5: =(H5+I5)-(F5+G5) | T5: 0.46 | U5: 0.74 | V5: -0.29 | W5: 4.23 | X5: 4.67
A6: 2026-09-05 | B6: Rochdale | C6: Away | D6: 4 | E6: 1 | F6: 1.07 | G6: 1.45 | H6: 1.95 | I6: 0.8 | J6: 0.88 | K6: -0.65 | L6: 0.07 | M6: 0.04 | N6: 0.71 | O6: -0.17 | P6: -0.06 | Q6: 0.18 | R6: =(H6-I6)-(F6-G6) | S6: =(H6+I6)-(F6+G6) | T6: 2.14 | U6: 1.1 | V6: 1.04 | W6: 6.37 | X6: 5.77
A7: 2026-09-12 | B7: Tranmere Rovers | C7: Home | D7: 2 | E7: 0 | F7: 1.28 | G7: 1.26 | H7: 1.49 | I7: 1.25 | J7: 0.21 | K7: -0.01 | L7: 0.1 | M7: 0.03 | N7: 0.05 | O7: 0.04 | P7: -0.04 | Q7: 0.16 | R7: =(H7-I7)-(F7-G7) | S7: =(H7+I7)-(F7+G7) | T7: 1.54 | U7: 1.38 | V7: 0.16 | W7: 7.91 | X7: 7.15
A8: 2026-09-19 | B8: Bristol Rvs | C8: Home | D8: 3 | E8: 0 | F8: 1.1 | G8: 1.63 | H8: 2.36 | I8: 0.51 | J8: 1.26 | K8: -1.12 | L8: 0.3 | M8: -0.48 | N8: 1.29 | O8: -1.37 | P8: 0.19 | Q8: -0.42 | R8: =(H8-I8)-(F8-G8) | S8: =(H8+I8)-(F8+G8) | T8: 2.51 | U8: 1.02 | V8: 1.5 | W8: 10.42 | X8: 8.17
A9: 2026-09-26 | B9: York | C9: Away | D9: 0 | E9: 3 | F9: 1 | G9: 2.08 | H9: 0.26 | I9: 2.21 | J9: -0.74 | K9: 0.13 | L9: 0.15 | M9: -0.38 | N9: -0.79 | O9: -0.24 | P9: 0.1 | Q9: -0.4 | R9: =(H9-I9)-(F9-G9) | S9: =(H9+I9)-(F9+G9) | T9: 0.24 | U9: 0.72 | V9: -0.48 | W9: 10.66 | X9: 8.89
A10: 2026-10-03 | B10: Newport County | C10: Home | D10: 0 | E10: 0 | F10: 1.54 | G10: 1.08 | H10: 0.28 | I10: 1.22 | J10: -1.26 | K10: 0.14 | L10: 0.01 | M10: -0.21 | N10: -1.01 | O10: 0.17 | P10: -0.01 | Q10: -0.32 | R10: =(H10-I10)-(F10-G10) | S10: =(H10+I10)-(F10+G10) | T10: 0.56 | U10: 1.69 | V10: -1.13 | W10: 11.22 | X10: 10.58
A11: 2026-10-10 | B11: Rotherham United | C11: Away | D11: 4 | E11: 1 | F11: 1 | G11: 1.62 | H11: 1.86 | I11: 1.38 | J11: 0.86 | K11: -0.24 | L11: 0.2 | M11: -0.29 | N11: 1.1 | O11: -0.46 | P11: 0.22 | Q11: -0.34 | R11: =(H11-I11)-(F11-G11) | S11: =(H11+I11)-(F11+G11) | T11: 1.69 | U11: 0.95 | V11: 0.74 | W11: 12.91 | X11: 11.53
A13: Season summary
A14: Matches played | E14: =COUNTA(A2:A11)
A15: Total goals for | E15: =SUM(D2:D11)
A16: Total goals against | E16: =SUM(E2:E11)
A17: Avg xG Delta (For) | E17: =AVERAGE(J2:J11)
A18: Median xG Delta (For) | E18: =MEDIAN(J2:J11)
A19: Avg xG Delta (Against) | E19: =AVERAGE(K2:K11)
A20: Median xG Delta (Against) | E20: =MEDIAN(K2:K11)
A21: Avg xG Delta (For, Adj) | E21: =AVERAGE(N2:N11)
A22: Median xG Delta (For, Adj) | E22: =MEDIAN(N2:N11)
A23: Avg xG Delta (Against, Adj) | E23: =AVERAGE(O2:O11)
A24: Median xG Delta (Against, Adj) | E24: =MEDIAN(O2:O11)
A25: Avg Supremacy Delta | E25: =AVERAGE(R2:R11)
A26: Median Supremacy Delta | E26: =MEDIAN(R2:R11)
A27: Avg Total xG Delta | E27: =AVERAGE(S2:S11)
A28: Median Total xG Delta | E28: =MEDIAN(S2:S11)
A29: Current form (last 6, For) | E29: =L11
A30: Current form (last 6, Against) | E30: =M11
A31: Current form (last 6, For, Adj) | E31: =P11
A32: Current form (last 6, Against, Adj) | E32: =Q11
A33: Total xPts (Actual) | E33: =SUM(T2:T11)
A34: Total xPts (Market) | E34: =SUM(U2:U11)
A35: Avg xPts Delta | E35: =AVERAGE(V2:V11)
A37: Home / Away split
A38: Venue | B38: Matches | C38: GF | D38: GA | E38: Avg Supremacy | F38: Median Supremacy | G38: Avg Total xG Delta | H38: Median Total xG Delta
A39: Home | B39: 5 | C39: 6 | D39: 4 | E39: -0.05 | F39: 0.22 | G39: -0.03 | H39: 0.14
A40: Away | B40: 5 | C40: 9 | D40: 6 | E40: 0.38 | F40: 0.65 | G40: -0.02 | H40: -0.01
A41: Total | B41: 10 | C41: 15 | D41: 10 | E41: 0.16 | F41: 0.35 | G41: -0.03 | H41: 0.07

Sheet Grimsby Town
A1: Date | B1: Opponent | C1: Venue | D1: Goals For | E1: Goals Against | F1: xG Pre-Match (For) | G1: xG Pre-Match (Against) | H1: xG Actual (For) | I1: xG Actual (Against) | J1: xG Delta (For) | K1: xG Delta (Against) | L1: Rolling Delta (For) | M1: Rolling Delta (Against) | N1: xG Delta (For, Adj) | O1: xG Delta (Against, Adj) | P1: Rolling Delta (For, Adj) | Q1: Rolling Delta (Against, Adj) | R1: Supremacy Delta | S1: Match Total xG Delta | T1: xPts (Actual) | U1: xPts (Market) | V1: xPts Delta | W1: xPts (Actual, Cum.) | X1: xPts (Market, Cum.)
A2: 2026-08-15 | B2: Exeter | C2: Home | D2: 1 | E2: 0 | F2: 1.7 | G2: 1.02 | H2: 1.43 | I2: 0.75 | J2: -0.27 | K2: -0.27 | L2: -0.27 | M2: -0.27 | N2: 0.09 | O2: -0.3 | P2: 0.09 | Q2: -0.3 | R2: =(H2-I2)-(F2-G2) | S2: =(H2+I2)-(F2+G2) | T2: 1.87 | U2: 1.84 | V2: 0.03 | W2: 1.87 | X2: 1.84
A3: 2026-08-22 | B3: Walsall | C3: Away | D3: 0 | E3: 0 | F3: 1.31 | G3: 1.21 | H3: 0.9 | I3: 1.21 | J3: -0.41 | K3: 0 | L3: -0.34 | M3: -0.13 | N3: -0.54 | O3: -0.09 | P3: -0.23 | Q3: -0.2 | R3: =(H3-I3)-(F3-G3) | S3: =(H3+I3)-(F3+G3) | T3: 1.12 | U3: 1.44 | V3: -0.32 | W3: 2.98 | X3: 3.28
A4: 2026-08-29 | B4: Fleetwood Town | C4: Home | D4: 2 | E4: 2 | F4: 1.61 | G4: 0.98 | H4: 2.92 | I4: 1.61 | J4: 1.31 | K4: 0.63 | L4: 0.21 | M4: 0.12 | N4: 0.99 | O4: 0.85 | P4: 0.18 | Q4: 0.15 | R4: =(H4-I4)-(F4-G4) | S4: =(H4+I4)-(F4+G4) | T4: 2.1 | U4: 1.81 | V4: 0.29 | W4: 5.08 | X4: 5.09
A5: 2026-09-01 | B5: Accrington Stanley | C5: Away | D5: 2 | E5: 2 | F5: 1.62 | G5: 1.09 | H5: 2.19 | I5: 2.6 | J5: 0.57 | K5: 1.51 | L5: 0.3 | M5: 0.47 | N5: 0.71 | O5: 1.23 | P5: 0.31 | Q5: 0.42 | R5: =(H5-I5)-(F5-G5) | S5: =(H5+I5)-(F5+G5) | T5: 1.19 | U5: 1.74 | V5: -0.55 | W5: 6.27 | X5: 6.82
A6: 2026-09-05 | B6: Cheltenham Town | C6: Away | D6: 2 | E6: 2 | F6: 1.68 | G6: 1.17 | H6: 1.59 | I6: 1.29 | J6: -0.08 | K6: 0.12 | L6: 0.22 | M6: 0.4 | N6: -0.28 | O6: 0.22 | P6: 0.19 | Q6: 0.38 | R6: =(H6-I6)-(F6-G6) | S6: =(H6+I6)-(F6+G6) | T6: 1.58 | U6: 1.72 | V6: -0.14 | W6: 7.85 | X6: 8.54
A7: 2026-09-12 | B7: Bristol Rvs | C7: Home | D7: 2 | E7: 0 | F7: 1.52 | G7: 1.34 | H7: 1.44 | I7: 0.11 | J7: -0.08 | K7: -1.23 | L7: 0.17 | M7: 0.13 | N7: -0.21 | O7: -1.49 | P7: 0.13 | Q7: 0.07 | R7: =(H7-I7)-(F7-G7) | S7: =(H7+I7)-(F7+G7) | T7: 2.43 | U7: 1.5 | V7: 0.93 | W7: 10.28 | X7: 10.04
A8: 2026-09-19 | B8: Crawley Town | C8: Home | D8: 2 | E8: 0 | F8: 2.22 | G8: 1.01 | H8: 4.59 | I8: 0.94 | J8: 2.37 | K8: -0.07 | L8: 0.61 | M8: 0.16 | N8: 2.44 | O8: -0.47 | P8: 0.52 | Q8: 0.04 | R8: =(H8-I8)-(F8-G8) | S8: =(H8+I8)-(F8+G8) | T8: 2.79 | U8: 2.14 | V8: 0.65 | W8: 13.07 | X8: 12.18
A9: 2026-09-26 | B9: Newport County | C9: Away | D9: 1 | E9: 2 | F9: 1.72 | G9: 1.04 | H9: 2 | I9: 1.23 | J9: 0.28 | K9: 0.19 | L9: 0.73 | M9: 0.19 | N9: 0.7 | O9: 0.23 | P9: 0.72 | Q9: 0.09 | R9: =(H9-I9)-(F9-G9) | S9: =(H9+I9)-(F9+G9) | T9: 1.87 | U9: 1.84 | V9: 0.03 | W9: 14.94 | X9: 14.02
A10: 2026-10-03 | B10: Shrewsbury Town | C10: Home | D10: 1 | E10: 2 | F10: 1.84 | G10: 0.98 | H10: 1.56 | I10: 1.13 | J10: -0.28 | K10: 0.14 | L10: 0.46 | M10: 0.11 | N10: 0.12 | O10: -0.01 | P10: 0.58 | Q10: -0.05 | R10: =(H10-I10)-(F10-G10) | S10: =(H10+I10)-(F10+G10) | T10: 1.67 | U10: 1.95 | V10: -0.28 | W10: 16.61 | X10: 15.97
A11: 2026-10-10 | B11: Port Vale | C11: Away | D11: 0 | E11: 1 | F11: 1.3 | G11: 1.33 | H11: 0.45 | I11: 3.18 | J11: -0.85 | K11: 1.85 | L11: 0.22 | M11: 0.17 | N11: -0.7 | O11: 2.17 | P11: 0.34 | Q11: 0.11 | R11: =(H11-I11)-(F11-G11) | S11: =(H11+I11)-(F11+G11) | T11: 0.16 | U11: 1.35 | V11: -1.19 | W11: 16.77 | X11: 17.32
A13: Season summary
A14: Matches played | E14: =COUNTA(A2:A11)
A15: Total goals for | E15: =SUM(D2:D11)
A16: Total goals against | E16: =SUM(E2:E11)
A17: Avg xG Delta (For) | E17: =AVERAGE(J2:J11)
A18: Median xG Delta (For) | E18: =MEDIAN(J2:J11)
A19: Avg xG Delta (Against) | E19: =AVERAGE(K2:K11)
A20: Median xG Delta (Against) | E20: =MEDIAN(K2:K11)
A21: Avg xG Delta (For, Adj) | E21: =AVERAGE(N2:N11)
A22: Median xG Delta (For, Adj) | E22: =MEDIAN(N2:N11)
A23: Avg xG Delta (Against, Adj) | E23: =AVERAGE(O2:O11)
A24: Median xG Delta (Against, Adj) | E24: =MEDIAN(O2:O11)
A25: Avg Supremacy Delta | E25: =AVERAGE(R2:R11)
A26: Median Supremacy Delta | E26: =MEDIAN(R2:R11)
A27: Avg Total xG Delta | E27: =AVERAGE(S2:S11)
A28: Median Total xG Delta | E28: =MEDIAN(S2:S11)
A29: Current form (last 6, For) | E29: =L11
A30: Current form (last 6, Against) | E30: =M11
A31: Current form (last 6, For, Adj) | E31: =P11
A32: Current form (last 6, Against, Adj) | E32: =Q11
A33: Total xPts (Actual) | E33: =SUM(T2:T11)
A34: Total xPts (Market) | E34: =SUM(U2:U11)
A35: Avg xPts Delta | E35: =AVERAGE(V2:V11)
A37: Home / Away split
A38: Venue | B38: Matches | C38: GF | D38: GA | E38: Avg Supremacy | F38: Median Supremacy | G38: Avg Total xG Delta | H38: Median Total xG Delta
A39: Home | B39: 5 | C39: 8 | D39: 4 | E39: 0.77 | F39: 0.68 | G39: 0.45 | H39: -0.14
A40: Away | B40: 5 | C40: 5 | D40: 7 | E40: -0.84 | F40: -0.41 | G40: 0.64 | H40: 0.47
A41: Total | B41: 10 | C41: 13 | D41: 11 | E41: -0.03 | F41: -0.1 | G41: 0.54 | H41: 0.26

Sheet Newport County
A1: Date | B1: Opponent | C1: Venue | D1: Goals For | E1: Goals Against | F1: xG Pre-Match (For) | G1: xG Pre-Match (Against) | H1: xG Actual (For) | I1: xG Actual (Against) | J1: xG Delta (For) | K1: xG Delta (Against) | L1: Rolling Delta (For) | M1: Rolling Delta (Against) | N1: xG Delta (For, Adj) | O1: xG Delta (Against, Adj) | P1: Rolling Delta (For, Adj) | Q1: Rolling Delta (Against, Adj) | R1: Supremacy Delta | S1: Match Total xG Delta | T1: xPts (Actual) | U1: xPts (Market) | V1: xPts Delta | W1: xPts (Actual, Cum.) | X1: xPts (Market, Cum.)
A2: 2026-08-15 | B2: Rochdale | C2: Home | D2: 3 | E2: 0 | F2: 1.2 | G2: 1.39 | H2: 1.15 | I2: 0.16 | J2: -0.05 | K2: -1.23 | L2: -0.05 | M2: -1.23 | N2: -0.32 | O2: -0.8 | P2: -0.32 | Q2: -0.8 | R2: =(H2-I2)-(F2-G2) | S2: =(H2+I2)-(F2+G2) | T2: 2.2 | U2: 1.24 | V2: 0.97 | W2: 2.2 | X2: 1.24
A3: 2026-08-22 | B3: Bristol Rvs | C3: Away | D3: 3 | E3: 5 | F3: 0.94 | G3: 1.83 | H3: 0.66 | I3: 3.99 | J3: -0.28 | K3: 2.16 | L3: -0.16 | M3: 0.47 | N3: -0.43 | O3: 2.27 | P3: -0.37 | Q3: 0.73 | R3: =(H3-I3)-(F3-G3) | S3: =(H3+I3)-(F3+G3) | T3: 0.13 | U3: 0.8 | V3: -0.67 | W3: 2.33 | X3: 2.04
A4: 2026-08-29 | B4: Tranmere Rovers | C4: Home | D4: 2 | E4: 2 | F4: 1.27 | G4: 1.23 | H4: 1.06 | I4: 0.94 | J4: -0.21 | K4: -0.29 | L4: -0.18 | M4: 0.22 | N4: -0.42 | O4: -0.27 | P4: -0.39 | Q4: 0.4 | R4: =(H4-I4)-(F4-G4) | S4: =(H4+I4)-(F4+G4) | T4: 1.44 | U4: 1.4 | V4: 0.04 | W4: 3.77 | X4: 3.43
A5: 2026-09-01 | B5: Salford City | C5: Away | D5: 1 | E5: 2 | F5: 0.95 | G5: 2.08 | H5: 0.42 | I5: 2.28 | J5: -0.53 | K5: 0.2 | L5: -0.27 | M5: 0.21 | N5: -0.56 | O5: 0.67 | P5: -0.43 | Q5: 0.47 | R5: =(H5-I5)-(F5-G5) | S5: =(H5+I5)-(F5+G5) | T5: 0.31 | U5: 0.69 | V5: -0.38 | W5: 4.08 | X5: 4.12
A6: 2026-09-05 | B6: Northampton Town | C6: Away | D6: 0 | E6: 1 | F6: 0.91 | G6: 1.67 | H6: 0.32 | I6: 0.45 | J6: -0.59 | K6: -1.22 | L6: -0.33 | M6: -0.07 | N6: -0.53 | O6: -0.62 | P6: -0.45 | Q6: 0.25 | R6: =(H6-I6)-(F6-G6) | S6: =(H6+I6)-(F6+G6) | T6: 1.09 | U6: 0.86 | V6: 0.23 | W6: 5.18 | X6: 4.98
A7: 2026-09-12 | B7: Fleetwood Town | C7: Home | D7: 1 | E7: 1 | F7: 1.16 | G7: 1.55 | H7: 2.64 | I7: 1.06 | J7: 1.48 | K7: -0.49 | L7: -0.03 | M7: -0.14 | N7: 1.18 | O7: -0.4 | P7: -0.18 | Q7: 0.14 | R7: =(H7-I7)-(F7-G7) | S7: =(H7+I7)-(F7+G7) | T7: 2.29 | U7: 1.11 | V7: 1.19 | W7: 7.47 | X7: 6.09
A8: 2026-09-19 | B8: Accrington Stanley | C8: Away | D8: 0 | E8: 0 | F8: 1.14 | G8: 1.57 | H8: 0.59 | I8: 0.65 | J8: -0.55 | K8: -0.92 | L8: -0.11 | M8: -0.09 | N8: -0.55 | O8: -1.46 | P8: -0.22 | Q8: 0.03 | R8: =(H8-I8)-(F8-G8) | S8: =(H8+I8)-(F8+G8) | T8: 1.24 | U8: 1.08 | V8: 0.15 | W8: 8.71 | X8: 7.17
A9: 2026-09-26 | B9: Grimsby Town | C9: Home | D9: 2 | E9: 1 | F9: 1.04 | G9: 1.72 | H9: 1.23 | I9: 2 | J9: 0.19 | K9: 0.28 | L9: -0.04 | M9: -0.41 | N9: -0.11 | O9: 0.02 | P9: -0.16 | Q9: -0.34 | R9: =(H9-I9)-(F9-G9) | S9: =(H9+I9)-(F9+G9) | T9: 0.91 | U9: 0.92 | V9: -0.01 | W9: 9.62 | X9: 8.09
A10: 2026-10-03 | B10: Gillingham | C10: Away | D10: 0 | E10: 0 | F10: 1.08 | G10: 1.54 | H10: 1.22 | I10: 0.28 | J10: 0.14 | K10: -1.26 | L10: 0.02 | M10: -0.57 | N10: 0.25 | O10: -1.48 | P10: -0.05 | Q10: -0.54 | R10: =(H10-I10)-(F10-G10) | S10: =(H10+I10)-(F10+G10) | T10: 2.13 | U10: 1.06 | V10: 1.08 | W10: 11.75 | X10: 9.15
A11: 2026-10-10 | B11: Colchester United | C11: Home | D11: 1 | E11: 0 | F11: 1.37 | G11: 1.41 | H11: 1.6 | I11: 0.61 | J11: 0.23 | K11: -0.8 | L11: 0.15 | M11: -0.73 | N11: 0 | O11: -0.71 | P11: 0.04 | Q11: -0.77 | R11: =(H11-I11)-(F11-G11) | S11: =(H11+I11)-(F11+G11) | T11: 2.09 | U11: 1.35 | V11: 0.74 | W11: 13.84 | X11: 10.49
A13: Season summary
A14: Matches played | E14: =COUNTA(A2:A11)
A15: Total goals for | E15: =SUM(D2:D11)
A16: Total goals against | E16: =SUM(E2:E11)
A17: Avg xG Delta (For) | E17: =AVERAGE(J2:J11)
A18: Median xG Delta (For) | E18: =MEDIAN(J2:J11)
A19: Avg xG Delta (Against) | E19: =AVERAGE(K2:K11)
A20: Median xG Delta (Against) | E20: =MEDIAN(K2:K11)
A21: Avg xG Delta (For, Adj) | E21: =AVERAGE(N2:N11)
A22: Median xG Delta (For, Adj) | E22: =MEDIAN(N2:N11)
A23: Avg xG Delta (Against, Adj) | E23: =AVERAGE(O2:O11)
A24: Median xG Delta (Against, Adj) | E24: =MEDIAN(O2:O11)
A25: Avg Supremacy Delta | E25: =AVERAGE(R2:R11)
A26: Median Supremacy Delta | E26: =MEDIAN(R2:R11)
A27: Avg Total xG Delta | E27: =AVERAGE(S2:S11)
A28: Median Total xG Delta | E28: =MEDIAN(S2:S11)
A29: Current form (last 6, For) | E29: =L11
A30: Current form (last 6, Against) | E30: =M11
A31: Current form (last 6, For, Adj) | E31: =P11
A32: Current form (last 6, Against, Adj) | E32: =Q11
A33: Total xPts (Actual) | E33: =SUM(T2:T11)
A34: Total xPts (Market) | E34: =SUM(U2:U11)
A35: Avg xPts Delta | E35: =AVERAGE(V2:V11)
A37: Home / Away split
A38: Venue | B38: Matches | C38: GF | D38: GA | E38: Avg Supremacy | F38: Median Supremacy | G38: Avg Total xG Delta | H38: Median Total xG Delta
A39: Home | B39: 5 | C39: 9 | D39: 4 | E39: 0.83 | F39: 1.03 | G39: -0.18 | H39: -0.49
A40: Away | B40: 5 | C40: 4 | D40: 8 | E40: -0.16 | F40: 0.36 | G40: -0.57 | H40: -1.13
A41: Total | B41: 10 | C41: 13 | D41: 12 | E41: 0.34 | F41: 0.49 | G41: -0.37 | H41: -0.53

Sheet Northampton Town
A1: Date | B1: Opponent | C1: Venue | D1: Goals For | E1: Goals Against | F1: xG Pre-Match (For) | G1: xG Pre-Match (Against) | H1: xG Actual (For) | I1: xG Actual (Against) | J1: xG Delta (For) | K1: xG Delta (Against) | L1: Rolling Delta (For) | M1: Rolling Delta (Against) | N1: xG Delta (For, Adj) | O1: xG Delta (Against, Adj) | P1: Rolling Delta (For, Adj) | Q1: Rolling Delta (Against, Adj) | R1: Supremacy Delta | S1: Match Total xG Delta | T1: xPts (Actual) | U1: xPts (Market) | V1: xPts Delta | W1: xPts (Actual, Cum.) | X1: xPts (Market, Cum.)
A2: 2026-08-15 | B2: Swindon Town | C2: Home | D2: 0 | E2: 0 | F2: 1.51 | G2: 1.14 | H2: 0.76 | I2: 0.2 | J2: -0.75 | K2: -0.94 | L2: -0.75 | M2: -0.94 | N2: -0.88 | O2: -0.83 | P2: -0.88 | Q2: -0.83 | R2: =(H2-I2)-(F2-G2) | S2: =(H2+I2)-(F2+G2) | T2: 1.84 | U2: 1.63 | V2: 0.21 | W2: 1.84 | X2: 1.63
A3: 2026-08-22 | B3: Crewe Alexandra | C3: Away | D3: 0 | E3: 1 | F3: 1.13 | G3: 1.46 | H3: 0.77 | I3: 0.48 | J3: -0.36 | K3: -0.98 | L3: -0.56 | M3: -0.96 | N3: -0.28 | O3: -0.89 | P3: -0.58 | Q3: -0.86 | R3: =(H3-I3)-(F3-G3) | S3: =(H3+I3)-(F3+G3) | T3: 1.57 | U3: 1.14 | V3: 0.43 | W3: 3.41 | X3: 2.77
A4: 2026-08-29 | B4: Gillingham | C4: Away | D4: 1 | E4: 1 | F4: 1.26 | G4: 1.32 | H4: 0.35 | I4: 0.89 | J4: -0.91 | K4: -0.43 | L4: -0.67 | M4: -0.78 | N4: -0.91 | O4: -0.55 | P4: -0.69 | Q4: -0.76 | R4: =(H4-I4)-(F4-G4) | S4: =(H4+I4)-(F4+G4) | T4: 0.81 | U4: 1.32 | V4: -0.52 | W4: 4.22 | X4: 4.09
A5: 2026-09-01 | B5: Crawley Town | C5: Home | D5: 1 | E5: 1 | F5: 1.76 | G5: 0.99 | H5: 0.55 | I5: 2.62 | J5: -1.21 | K5: 1.63 | L5: -0.81 | M5: -0.18 | N5: -1.65 | O5: 1.47 | P5: -0.93 | Q5: -0.2 | R5: =(H5-I5)-(F5-G5) | S5: =(H5+I5)-(F5+G5) | T5: 0.3 | U5: 1.9 | V5: -1.6 | W5: 4.51 | X5: 5.99
A6: 2026-09-05 | B6: Newport County | C6: Home | D6: 1 | E6: 0 | F6: 1.67 | G6: 0.91 | H6: 0.45 | I6: 0.32 | J6: -1.22 | K6: -0.59 | L6: -0.89 | M6: -0.26 | N6: -0.96 | O6: -0.64 | P6: -0.93 | Q6: -0.29 | R6: =(H6-I6)-(F6-G6) | S6: =(H6+I6)-(F6+G6) | T6: 1.38 | U6: 1.9 | V6: -0.52 | W6: 5.89 | X6: 7.89
A7: 2026-09-12 | B7: Shrewsbury Town | C7: Away | D7: 0 | E7: 2 | F7: 1.17 | G7: 1.2 | H7: 0.5 | I7: 0.87 | J7: -0.67 | K7: -0.33 | L7: -0.85 | M7: -0.27 | N7: -0.32 | O7: -0.54 | P7: -0.83 | Q7: -0.33 | R7: =(H7-I7)-(F7-G7) | S7: =(H7+I7)-(F7+G7) | T7: 0.98 | U7: 1.34 | V7: -0.36 | W7: 6.87 | X7: 9.23
A8: 2026-09-19 | B8: Rotherham United | C8: Home | D8: 0 | E8: 1 | F8: 1.36 | G8: 1.18 | H8: 1.06 | I8: 1.28 | J8: -0.3 | K8: 0.1 | L8: -0.78 | M8: -0.1 | N8: -0.19 | O8: -0.09 | P8: -0.72 | Q8: -0.21 | R8: =(H8-I8)-(F8-G8) | S8: =(H8+I8)-(F8+G8) | T8: 1.2 | U8: 1.49 | V8: -0.29 | W8: 8.07 | X8: 10.72
A9: 2026-10-10 | B9: York | C9: Away | D9: 1 | E9: 1 | F9: 0.95 | G9: 1.83 | H9: 0.98 | I9: 2.31 | J9: 0.03 | K9: 0.48 | L9: -0.71 | M9: 0.14 | N9: 0.07 | O9: 0.16 | P9: -0.66 | Q9: -0.03 | R9: =(H9-I9)-(F9-G9) | S9: =(H9+I9)-(F9+G9) | T9: 0.62 | U9: 0.81 | V9: -0.19 | W9: 8.69 | X9: 11.53
A11: Season summary
A12: Matches played | E12: =COUNTA(A2:A9)
A13: Total goals for | E13: =SUM(D2:D9)
A14: Total goals against | E14: =SUM(E2:E9)
A15: Avg xG Delta (For) | E15: =AVERAGE(J2:J9)
A16: Median xG Delta (For) | E16: =MEDIAN(J2:J9)
A17: Avg xG Delta (Against) | E17: =AVERAGE(K2:K9)
A18: Median xG Delta (Against) | E18: =MEDIAN(K2:K9)
A19: Avg xG Delta (For, Adj) | E19: =AVERAGE(N2:N9)
A20: Median xG Delta (For, Adj) | E20: =MEDIAN(N2:N9)
A21: Avg xG Delta (Against, Adj) | E21: =AVERAGE(O2:O9)
A22: Median xG Delta (Against, Adj) | E22: =MEDIAN(O2:O9)
A23: Avg Supremacy Delta | E23: =AVERAGE(R2:R9)
A24: Median Supremacy Delta | E24: =MEDIAN(R2:R9)
A25: Avg Total xG Delta | E25: =AVERAGE(S2:S9)
A26: Median Total xG Delta | E26: =MEDIAN(S2:S9)
A27: Current form (last 6, For) | E27: =L9
A28: Current form (last 6, Against) | E28: =M9
A29: Current form (last 6, For, Adj) | E29: =P9
A30: Current form (last 6, Against, Adj) | E30: =Q9
A31: Total xPts (Actual) | E31: =SUM(T2:T9)
A32: Total xPts (Market) | E32: =SUM(U2:U9)
A33: Avg xPts Delta | E33: =AVERAGE(V2:V9)
A35: Home / Away split
A36: Venue | B36: Matches | C36: GF | D36: GA | E36: Avg Supremacy | F36: Median Supremacy | G36: Avg Total xG Delta | H36: Median Total xG Delta
A37: Home | B37: 4 | C37: 2 | D37: 2 | E37: -0.92 | F37: -0.51 | G37: -0.82 | H37: -0.95
A38: Away | B38: 4 | C38: 2 | D38: 5 | E38: -0.16 | F38: -0.4 | G38: -0.8 | H38: -1.17
A39: Total | B39: 8 | C39: 4 | D39: 7 | E39: -0.54 | F39: -0.43 | G39: -0.81 | H39: -1.17

Sheet Oldham Athletic
A1: Date | B1: Opponent | C1: Venue | D1: Goals For | E1: Goals Against | F1: xG Pre-Match (For) | G1: xG Pre-Match (Against) | H1: xG Actual (For) | I1: xG Actual (Against) | J1: xG Delta (For) | K1: xG Delta (Against) | L1: Rolling Delta (For) | M1: Rolling Delta (Against) | N1: xG Delta (For, Adj) | O1: xG Delta (Against, Adj) | P1: Rolling Delta (For, Adj) | Q1: Rolling Delta (Against, Adj) | R1: Supremacy Delta | S1: Match Total xG Delta | T1: xPts (Actual) | U1: xPts (Market) | V1: xPts Delta | W1: xPts (Actual, Cum.) | X1: xPts (Market, Cum.)
A2: 2026-08-15 | B2: Port Vale | C2: Home | D2: 2 | E2: 0 | F2: 1.28 | G2: 1.23 | H2: 1.43 | I2: 0.51 | J2: 0.15 | K2: -0.72 | L2: 0.15 | M2: -0.72 | N2: 0.45 | O2: -0.78 | P2: 0.45 | Q2: -0.78 | R2: =(H2-I2)-(F2-G2) | S2: =(H2+I2)-(F2+G2) | T2: 2.07 | U2: 1.4 | V2: 0.67 | W2: 2.07 | X2: 1.4
A3: 2026-08-22 | B3: Colchester United | C3: Away | D3: 1 | E3: 2 | F3: 1.3 | G3: 1.38 | H3: 0.27 | I3: 2.37 | J3: -1.03 | K3: 0.99 | L3: -0.44 | M3: 0.13 | N3: -1.42 | O3: 1.3 | P3: -0.49 | Q3: 0.26 | R3: =(H3-I3)-(F3-G3) | S3: =(H3+I3)-(F3+G3) | T3: 0.21 | U3: 1.31 | V3: -1.1 | W3: 2.28 | X3: 2.71
A4: 2026-08-29 | B4: Swindon Town | C4: Home | D4: 3 | E4: 0 | F4: 1.59 | G4: 1.09 | H4: 2.73 | I4: 0.07 | J4: 1.14 | K4: -1.02 | L4: 0.08 | M4: -0.25 | N4: 1.23 | O4: -0.92 | P4: 0.08 | Q4: -0.13 | R4: =(H4-I4)-(F4-G4) | S4: =(H4+I4)-(F4+G4) | T4: 2.84 | U4: 1.72 | V4: 1.12 | W4: 5.12 | X4: 4.43
A5: 2026-09-01 | B5: Fleetwood Town | C5: Away | D5: 1 | E5: 1 | F5: 1.3 | G5: 1.31 | H5: 1.42 | I5: 0.84 | J5: 0.12 | K5: -0.47 | L5: 0.09 | M5: -0.31 | N5: -0.34 | O5: -0.37 | P5: -0.02 | Q5: -0.19 | R5: =(H5-I5)-(F5-G5) | S5: =(H5+I5)-(F5+G5) | T5: 1.79 | U5: 1.36 | V5: 0.43 | W5: 6.91 | X5: 5.79
A6: 2026-09-05 | B6: Tranmere Rovers | C6: Away | D6: 0 | E6: 2 | F6: 1.41 | G6: 1.15 | H6: 1.94 | I6: 1.96 | J6: 0.53 | K6: 0.81 | L6: 0.18 | M6: -0.08 | N6: 0.4 | O6: 0.94 | P6: 0.06 | Q6: 0.03 | R6: =(H6-I6)-(F6-G6) | S6: =(H6+I6)-(F6+G6) | T6: 1.38 | U6: 1.55 | V6: -0.17 | W6: 8.29 | X6: 7.35
A7: 2026-09-12 | B7: Chesterfield | C7: Home | D7: 1 | E7: 2 | F7: 1.49 | G7: 1.17 | H7: 1.08 | I7: 2.24 | J7: -0.41 | K7: 1.07 | L7: 0.08 | M7: 0.11 | N7: -0.48 | O7: 0.52 | P7: -0.03 | Q7: 0.12 | R7: =(H7-I7)-(F7-G7) | S7: =(H7+I7)-(F7+G7) | T7: 0.71 | U7: 1.6 | V7: -0.89 | W7: 9 | X7: 8.95
A8: 2026-09-19 | B8: Rochdale | C8: Away | D8: 0 | E8: 2 | F8: 1.67 | G8: 1.11 | H8: 2.49 | I8: 0.4 | J8: 0.82 | K8: -0.71 | L8: 0.19 | M8: 0.11 | N8: 0.65 | O8: -0.24 | P8: 0.01 | Q8: 0.21 | R8: =(H8-I8)-(F8-G8) | S8: =(H8+I8)-(F8+G8) | T8: 2.62 | U8: 1.75 | V8: 0.87 | W8: 11.62 | X8: 10.7
A9: 2026-09-26 | B9: Salford City | C9: Home | D9: 1 | E9: 4 | F9: 1.47 | G9: 1.41 | H9: 1.09 | I9: 1.67 | J9: -0.38 | K9: 0.26 | L9: 0.3 | M9: -0.01 | N9: -0.39 | O9: 0.74 | P9: 0.18 | Q9: 0.11 | R9: =(H9-I9)-(F9-G9) | S9: =(H9+I9)-(F9+G9) | T9: 0.99 | U9: 1.41 | V9: -0.43 | W9: 12.61 | X9: 12.11
A10: 2026-10-10 | B10: Accrington Stanley | C10: Home | D10: 0 | E10: 0 | F10: 1.85 | G10: 0.96 | H10: 0.23 | I10: 0.61 | J10: -1.62 | K10: -0.35 | L10: -0.16 | M10: 0.1 | N10: -1.73 | O10: -0.83 | P10: -0.31 | Q10: 0.13 | R10: =(H10-I10)-(F10-G10) | S10: =(H10+I10)-(F10+G10) | T10: 0.85 | U10: 1.97 | V10: -1.12 | W10: 13.46 | X10: 14.09
A12: Season summary
A13: Matches played | E13: =COUNTA(A2:A10)
A14: Total goals for | E14: =SUM(D2:D10)
A15: Total goals against | E15: =SUM(E2:E10)
A16: Avg xG Delta (For) | E16: =AVERAGE(J2:J10)
A17: Median xG Delta (For) | E17: =MEDIAN(J2:J10)
A18: Avg xG Delta (Against) | E18: =AVERAGE(K2:K10)
A19: Median xG Delta (Against) | E19: =MEDIAN(K2:K10)
A20: Avg xG Delta (For, Adj) | E20: =AVERAGE(N2:N10)
A21: Median xG Delta (For, Adj) | E21: =MEDIAN(N2:N10)
A22: Avg xG Delta (Against, Adj) | E22: =AVERAGE(O2:O10)
A23: Median xG Delta (Against, Adj) | E23: =MEDIAN(O2:O10)
A24: Avg Supremacy Delta | E24: =AVERAGE(R2:R10)
A25: Median Supremacy Delta | E25: =MEDIAN(R2:R10)
A26: Avg Total xG Delta | E26: =AVERAGE(S2:S10)
A27: Median Total xG Delta | E27: =MEDIAN(S2:S10)
A28: Current form (last 6, For) | E28: =L10
A29: Current form (last 6, Against) | E29: =M10
A30: Current form (last 6, For, Adj) | E30: =P10
A31: Current form (last 6, Against, Adj) | E31: =Q10
A32: Total xPts (Actual) | E32: =SUM(T2:T10)
A33: Total xPts (Market) | E33: =SUM(U2:U10)
A34: Avg xPts Delta | E34: =AVERAGE(V2:V10)
A36: Home / Away split
A37: Venue | B37: Matches | C37: GF | D37: GA | E37: Avg Supremacy | F37: Median Supremacy | G37: Avg Total xG Delta | H37: Median Total xG Delta
A38: Home | B38: 5 | C38: 7 | D38: 6 | E38: -0.07 | F38: -0.64 | G38: -0.38 | H38: -0.11
A39: Away | B39: 4 | C39: 2 | D39: 7 | E39: -0.05 | F39: 0.15 | G39: 0.26 | H39: 0.03
A40: Total | B40: 9 | C40: 9 | D40: 13 | E40: -0.06 | F40: -0.28 | G40: -0.09 | H40: -0.05

Sheet Port Vale
A1: Date | B1: Opponent | C1: Venue | D1: Goals For | E1: Goals Against | F1: xG Pre-Match (For) | G1: xG Pre-Match (Against) | H1: xG Actual (For) | I1: xG Actual (Against) | J1: xG Delta (For) | K1: xG Delta (Against) | L1: Rolling Delta (For) | M1: Rolling Delta (Against) | N1: xG Delta (For, Adj) | O1: xG Delta (Against, Adj) | P1: Rolling Delta (For, Adj) | Q1: Rolling Delta (Against, Adj) | R1: Supremacy Delta | S1: Match Total xG Delta | T1: xPts (Actual) | U1: xPts (Market) | V1: xPts Delta | W1: xPts (Actual, Cum.) | X1: xPts (Market, Cum.)
A2: 2026-08-15 | B2: Oldham Athletic | C2: Away | D2: 0 | E2: 2 | F2: 1.23 | G2: 1.28 | H2: 0.51 | I2: 1.43 | J2: -0.72 | K2: 0.15 | L2: -0.72 | M2: 0.15 | N2: -0.8 | O2: 0.26 | P2: -0.8 | Q2: 0.26 | R2: =(H2-I2)-(F2-G2) | S2: =(H2+I2)-(F2+G2) | T2: 0.66 | U2: 1.33 | V2: -0.67 | W2: 0.66 | X2: 1.33
A3: 2026-08-22 | B3: Tranmere Rovers | C3: Home | D3: 1 | E3: 1 | F3: 1.64 | G3: 0.87 | H3: 1.79 | I3: 0.71 | J3: 0.15 | K3: -0.16 | L3: -0.29 | M3: -0.01 | N3: -0.02 | O3: -0.14 | P3: -0.41 | Q3: 0.06 | R3: =(H3-I3)-(F3-G3) | S3: =(H3+I3)-(F3+G3) | T3: 2.12 | U3: 1.91 | V3: 0.21 | W3: 2.79 | X3: 3.25
A4: 2026-08-29 | B4: Crewe Alexandra | C4: Home | D4: 0 | E4: 0 | F4: 1.49 | G4: 1.19 | H4: 1.06 | I4: 1.18 | J4: -0.43 | K4: -0.01 | L4: -0.34 | M4: -0.01 | N4: -0.35 | O4: 0.2 | P4: -0.39 | Q4: 0.11 | R4: =(H4-I4)-(F4-G4) | S4: =(H4+I4)-(F4+G4) | T4: 1.27 | U4: 1.58 | V4: -0.32 | W4: 4.05 | X4: 4.83
A5: 2026-09-01 | B5: Swindon Town | C5: Away | D5: 1 | E5: 3 | F5: 1.56 | G5: 1.2 | H5: 1.03 | I5: 2.49 | J5: -0.53 | K5: 1.29 | L5: -0.38 | M5: 0.32 | N5: -0.63 | O5: 1.65 | P5: -0.45 | Q5: 0.49 | R5: =(H5-I5)-(F5-G5) | S5: =(H5+I5)-(F5+G5) | T5: 0.58 | U5: 1.62 | V5: -1.04 | W5: 4.63 | X5: 6.45
A6: 2026-09-05 | B6: Salford City | C6: Away | D6: 0 | E6: 1 | F6: 1.03 | G6: 1.64 | H6: 0.68 | I6: 0.32 | J6: -0.35 | K6: -1.32 | L6: -0.38 | M6: -0.01 | N6: -0.36 | O6: -1.02 | P6: -0.43 | Q6: 0.19 | R6: =(H6-I6)-(F6-G6) | S6: =(H6+I6)-(F6+G6) | T6: 1.64 | U6: 0.96 | V6: 0.68 | W6: 6.27 | X6: 7.41
A7: 2026-09-12 | B7: Exeter | C7: Home | D7: 1 | E7: 0 | F7: 1.52 | G7: 1.06 | H7: 1.95 | I7: 0.55 | J7: 0.43 | K7: -0.51 | L7: -0.24 | M7: -0.09 | N7: 0.87 | O7: -0.56 | P7: -0.21 | Q7: 0.06 | R7: =(H7-I7)-(F7-G7) | S7: =(H7+I7)-(F7+G7) | T7: 2.32 | U7: 1.7 | V7: 0.62 | W7: 8.59 | X7: 9.1
A8: 2026-09-19 | B8: Walsall | C8: Away | D8: 0 | E8: 2 | F8: 1.26 | G8: 1.36 | H8: 0.54 | I8: 0.87 | J8: -0.72 | K8: -0.49 | L8: -0.24 | M8: -0.2 | N8: -0.89 | O8: -0.65 | P8: -0.23 | Q8: -0.09 | R8: =(H8-I8)-(F8-G8) | S8: =(H8+I8)-(F8+G8) | T8: 1.02 | U8: 1.29 | V8: -0.28 | W8: 9.61 | X8: 10.4
A9: 2026-10-10 | B9: Grimsby Town | C9: Home | D9: 1 | E9: 0 | F9: 1.33 | G9: 1.3 | H9: 3.18 | I9: 0.45 | J9: 1.85 | K9: -0.85 | L9: 0.04 | M9: -0.32 | N9: 1.74 | O9: -1.23 | P9: 0.06 | Q9: -0.27 | R9: =(H9-I9)-(F9-G9) | S9: =(H9+I9)-(F9+G9) | T9: 2.75 | U9: 1.38 | V9: 1.37 | W9: 12.36 | X9: 11.78
A11: Season summary
A12: Matches played | E12: =COUNTA(A2:A9)
A13: Total goals for | E13: =SUM(D2:D9)
A14: Total goals against | E14: =SUM(E2:E9)
A15: Avg xG Delta (For) | E15: =AVERAGE(J2:J9)
A16: Median xG Delta (For) | E16: =MEDIAN(J2:J9)
A17: Avg xG Delta (Against) | E17: =AVERAGE(K2:K9)
A18: Median xG Delta (Against) | E18: =MEDIAN(K2:K9)
A19: Avg xG Delta (For, Adj) | E19: =AVERAGE(N2:N9)
A20: Median xG Delta (For, Adj) | E20: =MEDIAN(N2:N9)
A21: Avg xG Delta (Against, Adj) | E21: =AVERAGE(O2:O9)
A22: Median xG Delta (Against, Adj) | E22: =MEDIAN(O2:O9)
A23: Avg Supremacy Delta | E23: =AVERAGE(R2:R9)
A24: Median Supremacy Delta | E24: =MEDIAN(R2:R9)
A25: Avg Total xG Delta | E25: =AVERAGE(S2:S9)
A26: Median Total xG Delta | E26: =MEDIAN(S2:S9)
A27: Current form (last 6, For) | E27: =L9
A28: Current form (last 6, Against) | E28: =M9
A29: Current form (last 6, For, Adj) | E29: =P9
A30: Current form (last 6, Against, Adj) | E30: =Q9
A31: Total xPts (Actual) | E31: =SUM(T2:T9)
A32: Total xPts (Market) | E32: =SUM(U2:U9)
A33: Avg xPts Delta | E33: =AVERAGE(V2:V9)
A35: Home / Away split
A36: Venue | B36: Matches | C36: GF | D36: GA | E36: Avg Supremacy | F36: Median Supremacy | G36: Avg Total xG Delta | H36: Median Total xG Delta
A37: Home | B37: 4 | C37: 3 | D37: 1 | E37: 0.88 | F37: 0.62 | G37: 0.12 | H37: -0.04
A38: Away | B38: 4 | C38: 1 | D38: 8 | E38: -0.49 | F38: -0.55 | G38: -0.67 | H38: -0.89
A39: Total | B39: 8 | C39: 4 | D39: 9 | E39: 0.2 | F39: 0.04 | G39: -0.28 | H39: -0.26

Sheet Rochdale
A1: Date | B1: Opponent | C1: Venue | D1: Goals For | E1: Goals Against | F1: xG Pre-Match (For) | G1: xG Pre-Match (Against) | H1: xG Actual (For) | I1: xG Actual (Against) | J1: xG Delta (For) | K1: xG Delta (Against) | L1: Rolling Delta (For) | M1: Rolling Delta (Against) | N1: xG Delta (For, Adj) | O1: xG Delta (Against, Adj) | P1: Rolling Delta (For, Adj) | Q1: Rolling Delta (Against, Adj) | R1: Supremacy Delta | S1: Match Total xG Delta | T1: xPts (Actual) | U1: xPts (Market) | V1: xPts Delta | W1: xPts (Actual, Cum.) | X1: xPts (Market, Cum.)
A2: 2026-08-15 | B2: Newport County | C2: Away | D2: 0 | E2: 3 | F2: 1.39 | G2: 1.2 | H2: 0.16 | I2: 1.15 | J2: -1.23 | K2: -0.05 | L2: -1.23 | M2: -0.05 | N2: -0.97 | O2: -0.03 | P2: -0.97 | Q2: -0.03 | R2: =(H2-I2)-(F2-G2) | S2: =(H2+I2)-(F2+G2) | T2: 0.47 | U2: 1.5 | V2: -1.02 | W2: 0.47 | X2: 1.5
A3: 2026-08-22 | B3: Crawley Town | C3: Home | D3: 1 | E3: 2 | F3: 1.65 | G3: 1.07 | H3: 0.53 | I3: 2.16 | J3: -1.11 | K3: 1.09 | L3: -1.17 | M3: 0.52 | N3: -1.54 | O3: 0.85 | P3: -1.26 | Q3: 0.41 | R3: =(H3-I3)-(F3-G3) | S3: =(H3+I3)-(F3+G3) | T3: 0.4 | U3: 1.77 | V3: -1.37 | W3: 0.88 | X3: 3.27
A4: 2026-08-29 | B4: Colchester United | C4: Away | D4: 0 | E4: 1 | F4: 1.19 | G4: 1.43 | H4: 0.78 | I4: 1.12 | J4: -0.41 | K4: -0.31 | L4: -0.92 | M4: 0.24 | N4: -0.71 | O4: -0.15 | P4: -1.07 | Q4: 0.22 | R4: =(H4-I4)-(F4-G4) | S4: =(H4+I4)-(F4+G4) | T4: 1.07 | U4: 1.2 | V4: -0.13 | W4: 1.95 | X4: 4.47
A5: 2026-09-01 | B5: Shrewsbury Town | C5: Home | D5: 3 | E5: 0 | F5: 1.48 | G5: 1.2 | H5: 0.77 | I5: 1.46 | J5: -0.71 | K5: 0.26 | L5: -0.86 | M5: 0.25 | N5: -0.36 | O5: 0.12 | P5: -0.9 | Q5: 0.2 | R5: =(H5-I5)-(F5-G5) | S5: =(H5+I5)-(F5+G5) | T5: 0.86 | U5: 1.57 | V5: -0.71 | W5: 2.81 | X5: 6.04
A6: 2026-09-05 | B6: Gillingham | C6: Home | D6: 1 | E6: 4 | F6: 1.45 | G6: 1.07 | H6: 0.8 | I6: 1.95 | J6: -0.65 | K6: 0.88 | L6: -0.82 | M6: 0.37 | N6: -0.62 | O6: 0.9 | P6: -0.84 | Q6: 0.34 | R6: =(H6-I6)-(F6-G6) | S6: =(H6+I6)-(F6+G6) | T6: 0.65 | U6: 1.64 | V6: -0.99 | W6: 3.46 | X6: 7.68
A7: 2026-09-12 | B7: Walsall | C7: Away | D7: 0 | E7: 0 | F7: 1.02 | G7: 1.82 | H7: 0.43 | I7: 1.76 | J7: -0.59 | K7: -0.06 | L7: -0.78 | M7: 0.3 | N7: -0.74 | O7: -0.17 | P7: -0.83 | Q7: 0.25 | R7: =(H7-I7)-(F7-G7) | S7: =(H7+I7)-(F7+G7) | T7: 0.47 | U7: 0.86 | V7: -0.39 | W7: 3.92 | X7: 8.53
A8: 2026-09-19 | B8: Oldham Athletic | C8: Home | D8: 2 | E8: 0 | F8: 1.11 | G8: 1.67 | H8: 0.4 | I8: 2.49 | J8: -0.71 | K8: 0.82 | L8: -0.7 | M8: 0.45 | N8: -0.78 | O8: 1.01 | P8: -0.79 | Q8: 0.43 | R8: =(H8-I8)-(F8-G8) | S8: =(H8+I8)-(F8+G8) | T8: 0.25 | U8: 1 | V8: -0.75 | W8: 4.18 | X8: 9.54
A9: 2026-09-26 | B9: Fleetwood Town | C9: Away | D9: 2 | E9: 1 | F9: 1.04 | G9: 1.65 | H9: 1.4 | I9: 1.52 | J9: 0.36 | K9: -0.13 | L9: -0.45 | M9: 0.24 | N9: -0.07 | O9: 0.01 | P9: -0.55 | Q9: 0.29 | R9: =(H9-I9)-(F9-G9) | S9: =(H9+I9)-(F9+G9) | T9: 1.3 | U9: 0.96 | V9: 0.33 | W9: 5.47 | X9: 10.5
A10: 2026-10-03 | B10: Swindon Town | C10: Home | D10: 1 | E10: 0 | F10: 1.51 | G10: 1.3 | H10: 1.64 | I10: 1.08 | J10: 0.13 | K10: -0.22 | L10: -0.36 | M10: 0.26 | N10: 0.1 | O10: -0.03 | P10: -0.41 | Q10: 0.31 | R10: =(H10-I10)-(F10-G10) | S10: =(H10+I10)-(F10+G10) | T10: 1.76 | U10: 1.52 | V10: 0.24 | W10: 7.23 | X10: 12.02
A11: 2026-10-10 | B11: Tranmere Rovers | C11: Away | D11: 1 | E11: 1 | F11: 1.06 | G11: 1.59 | H11: 0.97 | I11: 1.68 | J11: -0.09 | K11: 0.09 | L11: -0.26 | M11: 0.23 | N11: -0.29 | O11: 0.14 | P11: -0.4 | Q11: 0.31 | R11: =(H11-I11)-(F11-G11) | S11: =(H11+I11)-(F11+G11) | T11: 0.89 | U11: 1.01 | V11: -0.12 | W11: 8.13 | X11: 13.03
A13: Season summary
A14: Matches played | E14: =COUNTA(A2:A11)
A15: Total goals for | E15: =SUM(D2:D11)
A16: Total goals against | E16: =SUM(E2:E11)
A17: Avg xG Delta (For) | E17: =AVERAGE(J2:J11)
A18: Median xG Delta (For) | E18: =MEDIAN(J2:J11)
A19: Avg xG Delta (Against) | E19: =AVERAGE(K2:K11)
A20: Median xG Delta (Against) | E20: =MEDIAN(K2:K11)
A21: Avg xG Delta (For, Adj) | E21: =AVERAGE(N2:N11)
A22: Median xG Delta (For, Adj) | E22: =MEDIAN(N2:N11)
A23: Avg xG Delta (Against, Adj) | E23: =AVERAGE(O2:O11)
A24: Median xG Delta (Against, Adj) | E24: =MEDIAN(O2:O11)
A25: Avg Supremacy Delta | E25: =AVERAGE(R2:R11)
A26: Median Supremacy Delta | E26: =MEDIAN(R2:R11)
A27: Avg Total xG Delta | E27: =AVERAGE(S2:S11)
A28: Median Total xG Delta | E28: =MEDIAN(S2:S11)
A29: Current form (last 6, For) | E29: =L11
A30: Current form (last 6, Against) | E30: =M11
A31: Current form (last 6, For, Adj) | E31: =P11
A32: Current form (last 6, Against, Adj) | E32: =Q11
A33: Total xPts (Actual) | E33: =SUM(T2:T11)
A34: Total xPts (Market) | E34: =SUM(U2:U11)
A35: Avg xPts Delta | E35: =AVERAGE(V2:V11)
A37: Home / Away split
A38: Venue | B38: Matches | C38: GF | D38: GA | E38: Avg Supremacy | F38: Median Supremacy | G38: Avg Total xG Delta | H38: Median Total xG Delta
A39: Home | B39: 5 | C39: 8 | D39: 6 | E39: -1.18 | F39: -1.53 | G39: -0.05 | H39: -0.02
A40: Away | B40: 5 | C40: 3 | D40: 6 | E40: -0.3 | F40: -0.18 | G40: -0.49 | H40: -0.65
A41: Total | B41: 10 | C41: 11 | D41: 12 | E41: -0.74 | F41: -0.75 | G41: -0.27 | H41: -0.06

Sheet Rotherham United
A1: Date | B1: Opponent | C1: Venue | D1: Goals For | E1: Goals Against | F1: xG Pre-Match (For) | G1: xG Pre-Match (Against) | H1: xG Actual (For) | I1: xG Actual (Against) | J1: xG Delta (For) | K1: xG Delta (Against) | L1: Rolling Delta (For) | M1: Rolling Delta (Against) | N1: xG Delta (For, Adj) | O1: xG Delta (Against, Adj) | P1: Rolling Delta (For, Adj) | Q1: Rolling Delta (Against, Adj) | R1: Supremacy Delta | S1: Match Total xG Delta | T1: xPts (Actual) | U1: xPts (Market) | V1: xPts Delta | W1: xPts (Actual, Cum.) | X1: xPts (Market, Cum.)
A2: 2026-08-15 | B2: Cheltenham Town | C2: Away | D2: 1 | E2: 2 | F2: 1.36 | G2: 1.3 | H2: 2.2 | I2: 0.6 | J2: 0.84 | K2: -0.7 | L2: 0.84 | M2: -0.7 | N2: 0.74 | O2: -0.69 | P2: 0.74 | Q2: -0.69 | R2: =(H2-I2)-(F2-G2) | S2: =(H2+I2)-(F2+G2) | T2: 2.4 | U2: 1.41 | V2: 0.98 | W2: 2.4 | X2: 1.41
A3: 2026-08-22 | B3: York | C3: Home | D3: 1 | E3: 1 | F3: 1.37 | G3: 1.3 | H3: 1 | I3: 2.32 | J3: -0.37 | K3: 1.02 | L3: 0.23 | M3: 0.16 | N3: -0.38 | O3: 0.77 | P3: 0.18 | Q3: 0.04 | R3: =(H3-I3)-(F3-G3) | S3: =(H3+I3)-(F3+G3) | T3: 0.63 | U3: 1.42 | V3: -0.79 | W3: 3.02 | X3: 2.83
A4: 2026-08-29 | B4: Chesterfield | C4: Home | D4: 2 | E4: 1 | F4: 1.2 | G4: 1.43 | H4: 2.95 | I4: 1.1 | J4: 1.75 | K4: -0.32 | L4: 0.74 | M4: 0 | N4: 1.93 | O4: -1.03 | P4: 0.76 | Q4: -0.32 | R4: =(H4-I4)-(F4-G4) | S4: =(H4+I4)-(F4+G4) | T4: 2.39 | U4: 1.22 | V4: 1.17 | W4: 5.41 | X4: 4.05
A5: 2026-09-01 | B5: Tranmere Rovers | C5: Away | D5: 2 | E5: 2 | F5: 1.12 | G5: 1.41 | H5: 2.02 | I5: 0.74 | J5: 0.9 | K5: -0.67 | L5: 0.78 | M5: -0.17 | N5: 0.82 | O5: -0.71 | P5: 0.78 | Q5: -0.41 | R5: =(H5-I5)-(F5-G5) | S5: =(H5+I5)-(F5+G5) | T5: 2.22 | U5: 1.16 | V5: 1.06 | W5: 7.63 | X5: 5.21
A6: 2026-09-05 | B6: Bristol Rvs | C6: Away | D6: 0 | E6: 1 | F6: 1.13 | G6: 1.91 | H6: 0.63 | I6: 0.84 | J6: -0.5 | K6: -1.07 | L6: 0.52 | M6: -0.35 | N6: -0.67 | O6: -1.32 | P6: 0.49 | Q6: -0.59 | R6: =(H6-I6)-(F6-G6) | S6: =(H6+I6)-(F6+G6) | T6: 1.13 | U6: 0.89 | V6: 0.24 | W6: 8.76 | X6: 6.1
A7: 2026-09-12 | B7: Salford City | C7: Home | D7: 3 | E7: 3 | F7: 1.34 | G7: 1.49 | H7: 2.46 | I7: 1.45 | J7: 1.12 | K7: -0.04 | L7: 0.62 | M7: -0.3 | N7: 1.27 | O7: 0.41 | P7: 0.62 | Q7: -0.43 | R7: =(H7-I7)-(F7-G7) | S7: =(H7+I7)-(F7+G7) | T7: 1.98 | U7: 1.28 | V7: 0.7 | W7: 10.74 | X7: 7.37
A8: 2026-09-19 | B8: Northampton Town | C8: Away | D8: 1 | E8: 0 | F8: 1.18 | G8: 1.36 | H8: 1.28 | I8: 1.06 | J8: 0.1 | K8: -0.3 | L8: 0.5 | M8: -0.23 | N8: 0.26 | O8: 0.43 | P8: 0.54 | Q8: -0.24 | R8: =(H8-I8)-(F8-G8) | S8: =(H8+I8)-(F8+G8) | T8: 1.52 | U8: 1.24 | V8: 0.28 | W8: 12.26 | X8: 8.61
A9: 2026-09-26 | B9: Crewe Alexandra | C9: Home | D9: 1 | E9: 1 | F9: 1.62 | G9: 1.28 | H9: 0.64 | I9: 0.35 | J9: -0.98 | K9: -0.93 | L9: 0.4 | M9: -0.56 | N9: -0.96 | O9: -0.83 | P9: 0.44 | Q9: -0.51 | R9: =(H9-I9)-(F9-G9) | S9: =(H9+I9)-(F9+G9) | T9: 1.56 | U9: 1.61 | V9: -0.05 | W9: 13.82 | X9: 10.22
A10: 2026-10-03 | B10: Exeter | C10: Away | D10: 0 | E10: 1 | F10: 1.32 | G10: 1.33 | H10: 0.47 | I10: 2.18 | J10: -0.85 | K10: 0.85 | L10: -0.04 | M10: -0.36 | N10: -0.56 | O10: 0.94 | P10: 0.03 | Q10: -0.18 | R10: =(H10-I10)-(F10-G10) | S10: =(H10+I10)-(F10+G10) | T10: 0.36 | U10: 1.36 | V10: -1 | W10: 14.19 | X10: 11.59
A11: 2026-10-10 | B11: Gillingham | C11: Home | D11: 1 | E11: 4 | F11: 1.62 | G11: 1 | H11: 1.38 | I11: 1.86 | J11: -0.24 | K11: 0.86 | L11: -0.23 | M11: -0.1 | N11: -0.17 | O11: 0.87 | P11: -0.14 | Q11: 0.09 | R11: =(H11-I11)-(F11-G11) | S11: =(H11+I11)-(F11+G11) | T11: 1.08 | U11: 1.8 | V11: -0.72 | W11: 15.27 | X11: 13.39
A13: Season summary
A14: Matches played | E14: =COUNTA(A2:A11)
A15: Total goals for | E15: =SUM(D2:D11)
A16: Total goals against | E16: =SUM(E2:E11)
A17: Avg xG Delta (For) | E17: =AVERAGE(J2:J11)
A18: Median xG Delta (For) | E18: =MEDIAN(J2:J11)
A19: Avg xG Delta (Against) | E19: =AVERAGE(K2:K11)
A20: Median xG Delta (Against) | E20: =MEDIAN(K2:K11)
A21: Avg xG Delta (For, Adj) | E21: =AVERAGE(N2:N11)
A22: Median xG Delta (For, Adj) | E22: =MEDIAN(N2:N11)
A23: Avg xG Delta (Against, Adj) | E23: =AVERAGE(O2:O11)
A24: Median xG Delta (Against, Adj) | E24: =MEDIAN(O2:O11)
A25: Avg Supremacy Delta | E25: =AVERAGE(R2:R11)
A26: Median Supremacy Delta | E26: =MEDIAN(R2:R11)
A27: Avg Total xG Delta | E27: =AVERAGE(S2:S11)
A28: Median Total xG Delta | E28: =MEDIAN(S2:S11)
A29: Current form (last 6, For) | E29: =L11
A30: Current form (last 6, Against) | E30: =M11
A31: Current form (last 6, For, Adj) | E31: =P11
A32: Current form (last 6, Against, Adj) | E32: =Q11
A33: Total xPts (Actual) | E33: =SUM(T2:T11)
A34: Total xPts (Market) | E34: =SUM(U2:U11)
A35: Avg xPts Delta | E35: =AVERAGE(V2:V11)
A37: Home / Away split
A38: Venue | B38: Matches | C38: GF | D38: GA | E38: Avg Supremacy | F38: Median Supremacy | G38: Avg Total xG Delta | H38: Median Total xG Delta
A39: Home | B39: 5 | C39: 8 | D39: 10 | E39: 0.14 | F39: -0.06 | G39: 0.37 | H39: 0.65
A40: Away | B40: 5 | C40: 4 | D40: 6 | E40: 0.48 | F40: 0.57 | G40: -0.28 | H40: -0.01
A41: Total | B41: 10 | C41: 12 | D41: 16 | E41: 0.31 | F41: 0.48 | G41: 0.04 | H41: 0.18

Sheet Salford City
A1: Date | B1: Opponent | C1: Venue | D1: Goals For | E1: Goals Against | F1: xG Pre-Match (For) | G1: xG Pre-Match (Against) | H1: xG Actual (For) | I1: xG Actual (Against) | J1: xG Delta (For) | K1: xG Delta (Against) | L1: Rolling Delta (For) | M1: Rolling Delta (Against) | N1: xG Delta (For, Adj) | O1: xG Delta (Against, Adj) | P1: Rolling Delta (For, Adj) | Q1: Rolling Delta (Against, Adj) | R1: Supremacy Delta | S1: Match Total xG Delta | T1: xPts (Actual) | U1: xPts (Market) | V1: xPts Delta | W1: xPts (Actual, Cum.) | X1: xPts (Market, Cum.)
A2: 2026-08-15 | B2: Barnet | C2: Away | D2: 1 | E2: 3 | F2: 1.18 | G2: 1.42 | H2: 0.92 | I2: 1.62 | J2: -0.26 | K2: 0.2 | L2: -0.26 | M2: 0.2 | N2: -0.68 | O2: -0.08 | P2: -0.68 | Q2: -0.08 | R2: =(H2-I2)-(F2-G2) | S2: =(H2+I2)-(F2+G2) | T2: 0.89 | U2: 1.2 | V2: -0.31 | W2: 0.89 | X2: 1.2
A3: 2026-08-22 | B3: Chesterfield | C3: Home | D3: 0 | E3: 1 | F3: 1.49 | G3: 1.02 | H3: 0.51 | I3: 2.27 | J3: -0.98 | K3: 1.25 | L3: -0.62 | M3: 0.73 | N3: -1.11 | O3: 0.72 | P3: -0.89 | Q3: 0.32 | R3: =(H3-I3)-(F3-G3) | S3: =(H3+I3)-(F3+G3) | T3: 0.36 | U3: 1.7 | V3: -1.34 | W3: 1.25 | X3: 2.9
A4: 2026-08-29 | B4: Shrewsbury Town | C4: Away | D4: 0 | E4: 1 | F4: 1.58 | G4: 1.02 | H4: 0.98 | I4: 0.67 | J4: -0.6 | K4: -0.35 | L4: -0.61 | M4: 0.37 | N4: -0.23 | O4: -0.56 | P4: -0.67 | Q4: 0.03 | R4: =(H4-I4)-(F4-G4) | S4: =(H4+I4)-(F4+G4) | T4: 1.59 | U4: 1.76 | V4: -0.17 | W4: 2.84 | X4: 4.66
A5: 2026-09-01 | B5: Newport County | C5: Home | D5: 2 | E5: 1 | F5: 2.08 | G5: 0.95 | H5: 2.28 | I5: 0.42 | J5: 0.2 | K5: -0.53 | L5: -0.41 | M5: 0.14 | N5: 0.62 | O5: -0.57 | P5: -0.35 | Q5: -0.12 | R5: =(H5-I5)-(F5-G5) | S5: =(H5+I5)-(F5+G5) | T5: 2.54 | U5: 2.11 | V5: 0.43 | W5: 5.38 | X5: 6.77
A6: 2026-09-05 | B6: Port Vale | C6: Home | D6: 1 | E6: 0 | F6: 1.64 | G6: 1.03 | H6: 0.32 | I6: 0.68 | J6: -1.32 | K6: -0.35 | L6: -0.59 | M6: 0.05 | N6: -1.24 | O6: -0.35 | P6: -0.53 | Q6: -0.17 | R6: =(H6-I6)-(F6-G6) | S6: =(H6+I6)-(F6+G6) | T6: 0.91 | U6: 1.8 | V6: -0.89 | W6: 6.3 | X6: 8.57
A7: 2026-09-12 | B7: Rotherham United | C7: Away | D7: 3 | E7: 3 | F7: 1.49 | G7: 1.34 | H7: 1.45 | I7: 2.46 | J7: -0.04 | K7: 1.12 | L7: -0.5 | M7: 0.22 | N7: 0.11 | O7: 1.05 | P7: -0.42 | Q7: 0.03 | R7: =(H7-I7)-(F7-G7) | S7: =(H7+I7)-(F7+G7) | T7: 0.83 | U7: 1.47 | V7: -0.64 | W7: 7.13 | X7: 10.04
A8: 2026-09-19 | B8: Swindon Town | C8: Home | D8: 1 | E8: 0 | F8: 2.08 | G8: 1.06 | H8: 1.25 | I8: 1.12 | J8: -0.83 | K8: 0.06 | L8: -0.6 | M8: 0.2 | N8: -0.97 | O8: 0.28 | P8: -0.47 | Q8: 0.1 | R8: =(H8-I8)-(F8-G8) | S8: =(H8+I8)-(F8+G8) | T8: 1.46 | U8: 2.04 | V8: -0.58 | W8: 8.59 | X8: 12.08
A9: 2026-09-26 | B9: Oldham Athletic | C9: Away | D9: 4 | E9: 1 | F9: 1.41 | G9: 1.47 | H9: 1.67 | I9: 1.09 | J9: 0.26 | K9: -0.38 | L9: -0.39 | M9: -0.07 | N9: 0.31 | O9: -0.34 | P9: -0.23 | Q9: -0.08 | R9: =(H9-I9)-(F9-G9) | S9: =(H9+I9)-(F9+G9) | T9: 1.77 | U9: 1.34 | V9: 0.43 | W9: 10.36 | X9: 13.41
A10: 2026-10-03 | B10: Fleetwood Town | C10: Home | D10: 1 | E10: 0 | F10: 1.86 | G10: 1.01 | H10: 2.04 | I10: 0.62 | J10: 0.18 | K10: -0.39 | L10: -0.26 | M10: -0.08 | N10: -0.26 | O10: -0.28 | P10: -0.24 | Q10: -0.03 | R10: =(H10-I10)-(F10-G10) | S10: =(H10+I10)-(F10+G10) | T10: 2.31 | U10: 1.94 | V10: 0.37 | W10: 12.67 | X10: 15.36
A11: 2026-10-10 | B11: Cheltenham Town | C11: Away | D11: 2 | E11: 0 | F11: 1.77 | G11: 1.14 | H11: 1.11 | I11: 0.25 | J11: -0.66 | K11: -0.89 | L11: -0.4 | M11: -0.14 | N11: -0.92 | O11: -0.9 | P11: -0.5 | Q11: -0.09 | R11: =(H11-I11)-(F11-G11) | S11: =(H11+I11)-(F11+G11) | T11: 2.08 | U11: 1.8 | V11: 0.28 | W11: 14.76 | X11: 17.16
A13: Season summary
A14: Matches played | E14: =COUNTA(A2:A11)
A15: Total goals for | E15: =SUM(D2:D11)
A16: Total goals against | E16: =SUM(E2:E11)
A17: Avg xG Delta (For) | E17: =AVERAGE(J2:J11)
A18: Median xG Delta (For) | E18: =MEDIAN(J2:J11)
A19: Avg xG Delta (Against) | E19: =AVERAGE(K2:K11)
A20: Median xG Delta (Against) | E20: =MEDIAN(K2:K11)
A21: Avg xG Delta (For, Adj) | E21: =AVERAGE(N2:N11)
A22: Median xG Delta (For, Adj) | E22: =MEDIAN(N2:N11)
A23: Avg xG Delta (Against, Adj) | E23: =AVERAGE(O2:O11)
A24: Median xG Delta (Against, Adj) | E24: =MEDIAN(O2:O11)
A25: Avg Supremacy Delta | E25: =AVERAGE(R2:R11)
A26: Median Supremacy Delta | E26: =MEDIAN(R2:R11)
A27: Avg Total xG Delta | E27: =AVERAGE(S2:S11)
A28: Median Total xG Delta | E28: =MEDIAN(S2:S11)
A29: Current form (last 6, For) | E29: =L11
A30: Current form (last 6, Against) | E30: =M11
A31: Current form (last 6, For, Adj) | E31: =P11
A32: Current form (last 6, Against, Adj) | E32: =Q11
A33: Total xPts (Actual) | E33: =SUM(T2:T11)
A34: Total xPts (Market) | E34: =SUM(U2:U11)
A35: Avg xPts Delta | E35: =AVERAGE(V2:V11)
A37: Home / Away split
A38: Venue | B38: Matches | C38: GF | D38: GA | E38: Avg Supremacy | F38: Median Supremacy | G38: Avg Total xG Delta | H38: Median Total xG Delta
A39: Home | B39: 5 | C39: 5 | D39: 2 | E39: -0.56 | F39: -0.9 | G39: -0.54 | H39: -0.33
A40: Away | B40: 5 | C40: 10 | D40: 8 | E40: -0.2 | F40: -0.25 | G40: -0.32 | H40: -0.11
A41: Total | B41: 10 | C41: 15 | D41: 10 | E41: -0.38 | F41: -0.35 | G41: -0.43 | H41: -0.27

Sheet Shrewsbury Town
A1: Date | B1: Opponent | C1: Venue | D1: Goals For | E1: Goals Against | F1: xG Pre-Match (For) | G1: xG Pre-Match (Against) | H1: xG Actual (For) | I1: xG Actual (Against) | J1: xG Delta (For) | K1: xG Delta (Against) | L1: Rolling Delta (For) | M1: Rolling Delta (Against) | N1: xG Delta (For, Adj) | O1: xG Delta (Against, Adj) | P1: Rolling Delta (For, Adj) | Q1: Rolling Delta (Against, Adj) | R1: Supremacy Delta | S1: Match Total xG Delta | T1: xPts (Actual) | U1: xPts (Market) | V1: xPts Delta | W1: xPts (Actual, Cum.) | X1: xPts (Market, Cum.)
A2: 2026-08-15 | B2: Tranmere Rovers | C2: Away | D2: 0 | E2: 2 | F2: 1.1 | G2: 1.4 | H2: 1.28 | I2: 1.16 | J2: 0.18 | K2: -0.24 | L2: 0.18 | M2: -0.24 | N2: 0.02 | O2: -0.23 | P2: 0.02 | Q2: -0.23 | R2: =(H2-I2)-(F2-G2) | S2: =(H2+I2)-(F2+G2) | T2: 1.45 | U2: 1.15 | V2: 0.3 | W2: 1.45 | X2: 1.15
A3: 2026-08-22 | B3: Barnet | C3: Home | D3: 1 | E3: 3 | F3: 1.02 | G3: 1.6 | H3: 1.78 | I3: 1.07 | J3: 0.76 | K3: -0.53 | L3: 0.47 | M3: -0.39 | N3: 0.48 | O3: -0.92 | P3: 0.25 | Q3: -0.57 | R3: =(H3-I3)-(F3-G3) | S3: =(H3+I3)-(F3+G3) | T3: 1.85 | U3: 0.98 | V3: 0.88 | W3: 3.3 | X3: 2.13
A4: 2026-08-29 | B4: Salford City | C4: Home | D4: 1 | E4: 0 | F4: 1.02 | G4: 1.58 | H4: 0.67 | I4: 0.98 | J4: -0.35 | K4: -0.6 | L4: 0.2 | M4: -0.46 | N4: -0.36 | O4: -0.21 | P4: 0.05 | Q4: -0.45 | R4: =(H4-I4)-(F4-G4) | S4: =(H4+I4)-(F4+G4) | T4: 1.07 | U4: 0.99 | V4: 0.08 | W4: 4.37 | X4: 3.12
A5: 2026-09-01 | B5: Rochdale | C5: Away | D5: 0 | E5: 3 | F5: 1.2 | G5: 1.48 | H5: 1.46 | I5: 0.77 | J5: 0.26 | K5: -0.71 | L5: 0.21 | M5: -0.52 | N5: 0.03 | O5: -0.23 | P5: 0.04 | Q5: -0.4 | R5: =(H5-I5)-(F5-G5) | S5: =(H5+I5)-(F5+G5) | T5: 1.87 | U5: 1.18 | V5: 0.7 | W5: 6.24 | X5: 4.29
A6: 2026-09-05 | B6: Fleetwood Town | C6: Away | D6: 0 | E6: 2 | F6: 0.99 | G6: 1.56 | H6: 0.71 | I6: 0.8 | J6: -0.28 | K6: -0.76 | L6: 0.11 | M6: -0.57 | N6: -0.77 | O6: -0.7 | P6: -0.12 | Q6: -0.46 | R6: =(H6-I6)-(F6-G6) | S6: =(H6+I6)-(F6+G6) | T6: 1.24 | U6: 0.97 | V6: 0.27 | W6: 7.48 | X6: 5.26
A7: 2026-09-12 | B7: Northampton Town | C7: Home | D7: 2 | E7: 0 | F7: 1.2 | G7: 1.17 | H7: 0.87 | I7: 0.5 | J7: -0.33 | K7: -0.67 | L7: 0.04 | M7: -0.59 | N7: -0.23 | O7: 0 | P7: -0.14 | Q7: -0.38 | R7: =(H7-I7)-(F7-G7) | S7: =(H7+I7)-(F7+G7) | T7: 1.65 | U7: 1.38 | V7: 0.26 | W7: 9.13 | X7: 6.64
A8: 2026-09-19 | B8: Crewe Alexandra | C8: Away | D8: 1 | E8: 1 | F8: 1.05 | G8: 1.56 | H8: 2.25 | I8: 0.95 | J8: 1.2 | K8: -0.61 | L8: 0.21 | M8: -0.65 | N8: 1.47 | O8: -0.48 | P8: 0.1 | Q8: -0.42 | R8: =(H8-I8)-(F8-G8) | S8: =(H8+I8)-(F8+G8) | T8: 2.19 | U8: 1.01 | V8: 1.17 | W8: 11.32 | X8: 7.66
A9: 2026-09-26 | B9: Colchester United | C9: Home | D9: 2 | E9: 2 | F9: 1.32 | G9: 1.26 | H9: 1.38 | I9: 1.46 | J9: 0.06 | K9: 0.2 | L9: 0.1 | M9: -0.52 | N9: -0.18 | O9: 0.42 | P9: -0.01 | Q9: -0.2 | R9: =(H9-I9)-(F9-G9) | S9: =(H9+I9)-(F9+G9) | T9: 1.32 | U9: 1.41 | V9: -0.09 | W9: 12.64 | X9: 9.07
A10: 2026-10-03 | B10: Grimsby Town | C10: Away | D10: 2 | E10: 1 | F10: 0.98 | G10: 1.84 | H10: 1.13 | I10: 1.56 | J10: 0.14 | K10: -0.28 | L10: 0.18 | M10: -0.47 | N10: -0.16 | O10: -0.6 | P10: 0.03 | Q10: -0.26 | R10: =(H10-I10)-(F10-G10) | S10: =(H10+I10)-(F10+G10) | T10: 1.08 | U10: 0.82 | V10: 0.26 | W10: 13.72 | X10: 9.89
A11: 2026-10-10 | B11: Exeter | C11: Home | D11: 0 | E11: 1 | F11: 1.36 | G11: 1.08 | H11: 1.25 | I11: 1.43 | J11: -0.11 | K11: 0.35 | L11: 0.11 | M11: -0.3 | N11: 0.27 | O11: 0.39 | P11: 0.06 | Q11: -0.16 | R11: =(H11-I11)-(F11-G11) | S11: =(H11+I11)-(F11+G11) | T11: 1.25 | U11: 1.57 | V11: -0.32 | W11: 14.96 | X11: 11.46
A13: Season summary
A14: Matches played | E14: =COUNTA(A2:A11)
A15: Total goals for | E15: =SUM(D2:D11)
A16: Total goals against | E16: =SUM(E2:E11)
A17: Avg xG Delta (For) | E17: =AVERAGE(J2:J11)
A18: Median xG Delta (For) | E18: =MEDIAN(J2:J11)
A19: Avg xG Delta (Against) | E19: =AVERAGE(K2:K11)
A20: Median xG Delta (Against) | E20: =MEDIAN(K2:K11)
A21: Avg xG Delta (For, Adj) | E21: =AVERAGE(N2:N11)
A22: Median xG Delta (For, Adj) | E22: =MEDIAN(N2:N11)
A23: Avg xG Delta (Against, Adj) | E23: =AVERAGE(O2:O11)
A24: Median xG Delta (Against, Adj) | E24: =MEDIAN(O2:O11)
A25: Avg Supremacy Delta | E25: =AVERAGE(R2:R11)
A26: Median Supremacy Delta | E26: =MEDIAN(R2:R11)
A27: Avg Total xG Delta | E27: =AVERAGE(S2:S11)
A28: Median Total xG Delta | E28: =MEDIAN(S2:S11)
A29: Current form (last 6, For) | E29: =L11
A30: Current form (last 6, Against) | E30: =M11
A31: Current form (last 6, For, Adj) | E31: =P11
A32: Current form (last 6, Against, Adj) | E32: =Q11
A33: Total xPts (Actual) | E33: =SUM(T2:T11)
A34: Total xPts (Market) | E34: =SUM(U2:U11)
A35: Avg xPts Delta | E35: =AVERAGE(V2:V11)
A37: Home / Away split
A38: Venue | B38: Matches | C38: GF | D38: GA | E38: Avg Supremacy | F38: Median Supremacy | G38: Avg Total xG Delta | H38: Median Total xG Delta
A39: Home | B39: 5 | C39: 6 | D39: 6 | E39: 0.26 | F39: 0.25 | G39: -0.25 | H39: 0.22
A40: Away | B40: 5 | C40: 3 | D40: 9 | E40: 0.82 | F40: 0.48 | G40: -0.22 | H40: -0.14
A41: Total | B41: 10 | C41: 9 | D41: 15 | E41: 0.54 | F41: 0.42 | G41: -0.23 | H41: -0.1

Sheet Swindon Town
A1: Date | B1: Opponent | C1: Venue | D1: Goals For | E1: Goals Against | F1: xG Pre-Match (For) | G1: xG Pre-Match (Against) | H1: xG Actual (For) | I1: xG Actual (Against) | J1: xG Delta (For) | K1: xG Delta (Against) | L1: Rolling Delta (For) | M1: Rolling Delta (Against) | N1: xG Delta (For, Adj) | O1: xG Delta (Against, Adj) | P1: Rolling Delta (For, Adj) | Q1: Rolling Delta (Against, Adj) | R1: Supremacy Delta | S1: Match Total xG Delta | T1: xPts (Actual) | U1: xPts (Market) | V1: xPts Delta | W1: xPts (Actual, Cum.) | X1: xPts (Market, Cum.)
A2: 2026-08-15 | B2: Northampton Town | C2: Away | D2: 0 | E2: 0 | F2: 1.14 | G2: 1.51 | H2: 0.2 | I2: 0.76 | J2: -0.94 | K2: -0.75 | L2: -0.94 | M2: -0.75 | N2: -0.92 | O2: -0.09 | P2: -0.92 | Q2: -0.09 | R2: =(H2-I2)-(F2-G2) | S2: =(H2+I2)-(F2+G2) | T2: 0.72 | U2: 1.11 | V2: -0.4 | W2: 0.72 | X2: 1.11
A3: 2026-08-22 | B3: Cheltenham Town | C3: Home | D3: 2 | E3: 1 | F3: 1.74 | G3: 1.04 | H3: 1.04 | I3: 1.1 | J3: -0.7 | K3: 0.06 | L3: -0.82 | M3: -0.35 | N3: -0.97 | O3: 0.15 | P3: -0.95 | Q3: 0.03 | R3: =(H3-I3)-(F3-G3) | S3: =(H3+I3)-(F3+G3) | T3: 1.31 | U3: 1.85 | V3: -0.54 | W3: 2.02 | X3: 2.96
A4: 2026-08-29 | B4: Oldham Athletic | C4: Away | D4: 0 | E4: 3 | F4: 1.09 | G4: 1.59 | H4: 0.07 | I4: 2.73 | J4: -1.02 | K4: 1.14 | L4: -0.89 | M4: 0.15 | N4: -1.13 | O4: 1.37 | P4: -1.01 | Q4: 0.47 | R4: =(H4-I4)-(F4-G4) | S4: =(H4+I4)-(F4+G4) | T4: 0.09 | U4: 1.03 | V4: -0.94 | W4: 2.11 | X4: 3.99
A5: 2026-09-01 | B5: Port Vale | C5: Home | D5: 3 | E5: 1 | F5: 1.2 | G5: 1.56 | H5: 2.49 | I5: 1.03 | J5: 1.29 | K5: -0.53 | L5: -0.34 | M5: -0.02 | N5: 1.75 | O5: -0.56 | P5: -0.32 | Q5: 0.22 | R5: =(H5-I5)-(F5-G5) | S5: =(H5+I5)-(F5+G5) | T5: 2.25 | U5: 1.13 | V5: 1.12 | W5: 4.36 | X5: 5.12
A6: 2026-09-05 | B6: Colchester United | C6: Home | D6: 3 | E6: 1 | F6: 1.4 | G6: 1.34 | H6: 2.06 | I6: 1.49 | J6: 0.66 | K6: 0.15 | L6: -0.14 | M6: 0.01 | N6: 0.49 | O6: 0.36 | P6: -0.16 | Q6: 0.24 | R6: =(H6-I6)-(F6-G6) | S6: =(H6+I6)-(F6+G6) | T6: 1.74 | U6: 1.41 | V6: 0.32 | W6: 6.1 | X6: 6.54
A7: 2026-09-12 | B7: York | C7: Away | D7: 0 | E7: 4 | F7: 1.07 | G7: 2.02 | H7: 0.49 | I7: 2.59 | J7: -0.58 | K7: 0.57 | L7: -0.22 | M7: 0.1 | N7: -0.62 | O7: 0.26 | P7: -0.23 | Q7: 0.25 | R7: =(H7-I7)-(F7-G7) | S7: =(H7+I7)-(F7+G7) | T7: 0.28 | U7: 0.8 | V7: -0.52 | W7: 6.37 | X7: 7.33
A8: 2026-09-19 | B8: Salford City | C8: Away | D8: 0 | E8: 1 | F8: 1.06 | G8: 2.08 | H8: 1.12 | I8: 1.25 | J8: 0.06 | K8: -0.83 | L8: -0.05 | M8: 0.09 | N8: 0.1 | O8: -0.48 | P8: -0.06 | Q8: 0.18 | R8: =(H8-I8)-(F8-G8) | S8: =(H8+I8)-(F8+G8) | T8: 1.27 | U8: 0.76 | V8: 0.51 | W8: 7.64 | X8: 8.09
A9: 2026-09-26 | B9: Accrington Stanley | C9: Home | D9: 1 | E9: 1 | F9: 1.54 | G9: 1.25 | H9: 1.83 | I9: 1.5 | J9: 0.29 | K9: 0.25 | L9: 0.12 | M9: 0.12 | N9: 0.39 | O9: -0.16 | P9: 0.16 | Q9: 0.13 | R9: =(H9-I9)-(F9-G9) | S9: =(H9+I9)-(F9+G9) | T9: 1.59 | U9: 1.57 | V9: 0.02 | W9: 9.23 | X9: 9.66
A10: 2026-10-03 | B10: Rochdale | C10: Away | D10: 0 | E10: 1 | F10: 1.3 | G10: 1.51 | H10: 1.08 | I10: 1.64 | J10: -0.22 | K10: 0.13 | L10: 0.25 | M10: -0.04 | N10: -0.51 | O10: 0.7 | P10: 0.27 | Q10: 0.02 | R10: =(H10-I10)-(F10-G10) | S10: =(H10+I10)-(F10+G10) | T10: 1 | U10: 1.23 | V10: -0.23 | W10: 10.23 | X10: 10.89
A11: 2026-10-10 | B11: Crewe Alexandra | C11: Home | D11: 0 | E11: 1 | F11: 1.42 | G11: 1.45 | H11: 0.64 | I11: 1.61 | J11: -0.78 | K11: 0.16 | L11: -0.09 | M11: 0.07 | N11: -0.73 | O11: 0.38 | P11: -0.15 | Q11: 0.18 | R11: =(H11-I11)-(F11-G11) | S11: =(H11+I11)-(F11+G11) | T11: 0.68 | U11: 1.35 | V11: -0.67 | W11: 10.91 | X11: 12.25
A13: Season summary
A14: Matches played | E14: =COUNTA(A2:A11)
A15: Total goals for | E15: =SUM(D2:D11)
A16: Total goals against | E16: =SUM(E2:E11)
A17: Avg xG Delta (For) | E17: =AVERAGE(J2:J11)
A18: Median xG Delta (For) | E18: =MEDIAN(J2:J11)
A19: Avg xG Delta (Against) | E19: =AVERAGE(K2:K11)
A20: Median xG Delta (Against) | E20: =MEDIAN(K2:K11)
A21: Avg xG Delta (For, Adj) | E21: =AVERAGE(N2:N11)
A22: Median xG Delta (For, Adj) | E22: =MEDIAN(N2:N11)
A23: Avg xG Delta (Against, Adj) | E23: =AVERAGE(O2:O11)
A24: Median xG Delta (Against, Adj) | E24: =MEDIAN(O2:O11)
A25: Avg Supremacy Delta | E25: =AVERAGE(R2:R11)
A26: Median Supremacy Delta | E26: =MEDIAN(R2:R11)
A27: Avg Total xG Delta | E27: =AVERAGE(S2:S11)
A28: Median Total xG Delta | E28: =MEDIAN(S2:S11)
A29: Current form (last 6, For) | E29: =L11
A30: Current form (last 6, Against) | E30: =M11
A31: Current form (last 6, For, Adj) | E31: =P11
A32: Current form (last 6, Against, Adj) | E32: =Q11
A33: Total xPts (Actual) | E33: =SUM(T2:T11)
A34: Total xPts (Market) | E34: =SUM(U2:U11)
A35: Avg xPts Delta | E35: =AVERAGE(V2:V11)
A37: Home / Away split
A38: Venue | B38: Matches | C38: GF | D38: GA | E38: Avg Supremacy | F38: Median Supremacy | G38: Avg Total xG Delta | H38: Median Total xG Delta
A39: Home | B39: 5 | C39: 9 | D39: 5 | E39: 0.13 | F39: 0.04 | G39: 0.17 | H39: 0.55
A40: Away | B40: 5 | C40: 0 | D40: 9 | E40: -0.59 | F40: -0.35 | G40: -0.49 | H40: -0.09
A41: Total | B41: 10 | C41: 9 | D41: 14 | E41: -0.23 | F41: -0.27 | G41: -0.16 | H41: -0.05

Sheet Tranmere Rovers
A1: Date | B1: Opponent | C1: Venue | D1: Goals For | E1: Goals Against | F1: xG Pre-Match (For) | G1: xG Pre-Match (Against) | H1: xG Actual (For) | I1: xG Actual (Against) | J1: xG Delta (For) | K1: xG Delta (Against) | L1: Rolling Delta (For) | M1: Rolling Delta (Against) | N1: xG Delta (For, Adj) | O1: xG Delta (Against, Adj) | P1: Rolling Delta (For, Adj) | Q1: Rolling Delta (Against, Adj) | R1: Supremacy Delta | S1: Match Total xG Delta | T1: xPts (Actual) | U1: xPts (Market) | V1: xPts Delta | W1: xPts (Actual, Cum.) | X1: xPts (Market, Cum.)
A2: 2026-08-15 | B2: Shrewsbury Town | C2: Home | D2: 2 | E2: 0 | F2: 1.4 | G2: 1.1 | H2: 1.16 | I2: 1.28 | J2: -0.24 | K2: 0.18 | L2: -0.24 | M2: 0.18 | N2: 0.16 | O2: 0.03 | P2: 0.16 | Q2: 0.03 | R2: =(H2-I2)-(F2-G2) | S2: =(H2+I2)-(F2+G2) | T2: 1.28 | U2: 1.58 | V2: -0.3 | W2: 1.28 | X2: 1.58
A3: 2026-08-22 | B3: Port Vale | C3: Away | D3: 1 | E3: 1 | F3: 0.87 | G3: 1.64 | H3: 0.71 | I3: 1.79 | J3: -0.16 | K3: 0.15 | L3: -0.2 | M3: 0.17 | N3: 0.09 | O3: 0.22 | P3: 0.12 | Q3: 0.12 | R3: =(H3-I3)-(F3-G3) | S3: =(H3+I3)-(F3+G3) | T3: 0.65 | U3: 0.84 | V3: -0.19 | W3: 1.93 | X3: 2.42
A4: 2026-08-29 | B4: Newport County | C4: Away | D4: 2 | E4: 2 | F4: 1.23 | G4: 1.27 | H4: 0.94 | I4: 1.06 | J4: -0.29 | K4: -0.21 | L4: -0.23 | M4: 0.04 | N4: 0.08 | O4: -0.21 | P4: 0.11 | Q4: 0.01 | R4: =(H4-I4)-(F4-G4) | S4: =(H4+I4)-(F4+G4) | T4: 1.25 | U4: 1.33 | V4: -0.08 | W4: 3.18 | X4: 3.76
A5: 2026-09-01 | B5: Rotherham United | C5: Home | D5: 2 | E5: 2 | F5: 1.41 | G5: 1.12 | H5: 0.74 | I5: 2.02 | J5: -0.67 | K5: 0.9 | L5: -0.34 | M5: 0.26 | N5: -0.6 | O5: 0.81 | P5: -0.07 | Q5: 0.21 | R5: =(H5-I5)-(F5-G5) | S5: =(H5+I5)-(F5+G5) | T5: 0.58 | U5: 1.58 | V5: -1 | W5: 3.76 | X5: 5.34
A6: 2026-09-05 | B6: Oldham Athletic | C6: Home | D6: 2 | E6: 0 | F6: 1.15 | G6: 1.41 | H6: 1.96 | I6: 1.94 | J6: 0.81 | K6: 0.53 | L6: -0.11 | M6: 0.31 | N6: 0.93 | O6: 0.68 | P6: 0.13 | Q6: 0.3 | R6: =(H6-I6)-(F6-G6) | S6: =(H6+I6)-(F6+G6) | T6: 1.41 | U6: 1.19 | V6: 0.22 | W6: 5.17 | X6: 6.52
A7: 2026-09-12 | B7: Gillingham | C7: Away | D7: 0 | E7: 2 | F7: 1.26 | G7: 1.28 | H7: 1.25 | I7: 1.49 | J7: -0.01 | K7: 0.21 | L7: -0.09 | M7: 0.29 | N7: 0.09 | O7: 0.16 | P7: 0.12 | Q7: 0.28 | R7: =(H7-I7)-(F7-G7) | S7: =(H7+I7)-(F7+G7) | T7: 1.21 | U7: 1.35 | V7: -0.14 | W7: 6.38 | X7: 7.87
A8: 2026-09-19 | B8: Exeter | C8: Away | D8: 0 | E8: 0 | F8: 1.16 | G8: 1.45 | H8: 0.88 | I8: 0.73 | J8: -0.28 | K8: -0.72 | L8: -0.1 | M8: 0.14 | N8: 0.08 | O8: -0.8 | P8: 0.11 | Q8: 0.14 | R8: =(H8-I8)-(F8-G8) | S8: =(H8+I8)-(F8+G8) | T8: 1.45 | U8: 1.17 | V8: 0.28 | W8: 7.83 | X8: 9.04
A9: 2026-09-26 | B9: Walsall | C9: Home | D9: 1 | E9: 1 | F9: 1.38 | G9: 1.32 | H9: 2.26 | I9: 0.81 | J9: 0.88 | K9: -0.51 | L9: 0.07 | M9: 0.03 | N9: 0.91 | O9: -0.67 | P9: 0.25 | Q9: -0.01 | R9: =(H9-I9)-(F9-G9) | S9: =(H9+I9)-(F9+G9) | T9: 2.29 | U9: 1.41 | V9: 0.88 | W9: 10.12 | X9: 10.45
A10: 2026-10-03 | B10: Chesterfield | C10: Away | D10: 2 | E10: 4 | F10: 1.03 | G10: 1.91 | H10: 0.52 | I10: 3.13 | J10: -0.51 | K10: 1.22 | L10: 0.04 | M10: 0.27 | N10: -0.58 | O10: 0.69 | P10: 0.14 | Q10: 0.14 | R10: =(H10-I10)-(F10-G10) | S10: =(H10+I10)-(F10+G10) | T10: 0.19 | U10: 0.82 | V10: -0.63 | W10: 10.31 | X10: 11.27
A11: 2026-10-10 | B11: Rochdale | C11: Home | D11: 1 | E11: 1 | F11: 1.59 | G11: 1.06 | H11: 1.68 | I11: 0.97 | J11: 0.09 | K11: -0.09 | L11: 0.16 | M11: 0.1 | N11: -0.16 | O11: 0.45 | P11: 0.21 | Q11: 0.08 | R11: =(H11-I11)-(F11-G11) | S11: =(H11+I11)-(F11+G11) | T11: 1.86 | U11: 1.74 | V11: 0.13 | W11: 12.17 | X11: 13.01
A13: Season summary
A14: Matches played | E14: =COUNTA(A2:A11)
A15: Total goals for | E15: =SUM(D2:D11)
A16: Total goals against | E16: =SUM(E2:E11)
A17: Avg xG Delta (For) | E17: =AVERAGE(J2:J11)
A18: Median xG Delta (For) | E18: =MEDIAN(J2:J11)
A19: Avg xG Delta (Against) | E19: =AVERAGE(K2:K11)
A20: Median xG Delta (Against) | E20: =MEDIAN(K2:K11)
A21: Avg xG Delta (For, Adj) | E21: =AVERAGE(N2:N11)
A22: Median xG Delta (For, Adj) | E22: =MEDIAN(N2:N11)
A23: Avg xG Delta (Against, Adj) | E23: =AVERAGE(O2:O11)
A24: Median xG Delta (Against, Adj) | E24: =MEDIAN(O2:O11)
A25: Avg Supremacy Delta | E25: =AVERAGE(R2:R11)
A26: Median Supremacy Delta | E26: =MEDIAN(R2:R11)
A27: Avg Total xG Delta | E27: =AVERAGE(S2:S11)
A28: Median Total xG Delta | E28: =MEDIAN(S2:S11)
A29: Current form (last 6, For) | E29: =L11
A30: Current form (last 6, Against) | E30: =M11
A31: Current form (last 6, For, Adj) | E31: =P11
A32: Current form (last 6, Against, Adj) | E32: =Q11
A33: Total xPts (Actual) | E33: =SUM(T2:T11)
A34: Total xPts (Market) | E34: =SUM(U2:U11)
A35: Avg xPts Delta | E35: =AVERAGE(V2:V11)
A37: Home / Away split
A38: Venue | B38: Matches | C38: GF | D38: GA | E38: Avg Supremacy | F38: Median Supremacy | G38: Avg Total xG Delta | H38: Median Total xG Delta
A39: Home | B39: 5 | C39: 8 | D39: 4 | E39: -0.03 | F39: 0.18 | G39: 0.37 | H39: 0.23
A40: Away | B40: 5 | C40: 5 | D40: 9 | E40: -0.38 | F40: -0.22 | G40: -0.12 | H40: -0.01
A41: Total | B41: 10 | C41: 13 | D41: 13 | E41: -0.21 | F41: -0.15 | G41: 0.13 | H41: 0.1

Sheet Walsall
A1: Date | B1: Opponent | C1: Venue | D1: Goals For | E1: Goals Against | F1: xG Pre-Match (For) | G1: xG Pre-Match (Against) | H1: xG Actual (For) | I1: xG Actual (Against) | J1: xG Delta (For) | K1: xG Delta (Against) | L1: Rolling Delta (For) | M1: Rolling Delta (Against) | N1: xG Delta (For, Adj) | O1: xG Delta (Against, Adj) | P1: Rolling Delta (For, Adj) | Q1: Rolling Delta (Against, Adj) | R1: Supremacy Delta | S1: Match Total xG Delta | T1: xPts (Actual) | U1: xPts (Market) | V1: xPts Delta | W1: xPts (Actual, Cum.) | X1: xPts (Market, Cum.)
A2: 2026-08-15 | B2: Gillingham | C2: Away | D2: 3 | E2: 0 | F2: 1.15 | G2: 1.43 | H2: 3.1 | I2: 1.45 | J2: 1.95 | K2: 0.02 | L2: 1.95 | M2: 0.02 | N2: 2.27 | O2: -0.06 | P2: 2.27 | Q2: -0.06 | R2: =(H2-I2)-(F2-G2) | S2: =(H2+I2)-(F2+G2) | T2: 2.26 | U2: 1.17 | V2: 1.09 | W2: 2.26 | X2: 1.17
A3: 2026-08-22 | B3: Grimsby Town | C3: Home | D3: 0 | E3: 0 | F3: 1.21 | G3: 1.31 | H3: 1.21 | I3: 0.9 | J3: 0 | K3: -0.41 | L3: 0.98 | M3: -0.2 | N3: -0.32 | O3: -0.74 | P3: 0.98 | Q3: -0.4 | R3: =(H3-I3)-(F3-G3) | S3: =(H3+I3)-(F3+G3) | T3: 1.59 | U3: 1.29 | V3: 0.3 | W3: 3.85 | X3: 2.46
A4: 2026-08-29 | B4: Accrington Stanley | C4: Home | D4: 3 | E4: 2 | F4: 1.58 | G4: 0.97 | H4: 2.22 | I4: 2.29 | J4: 0.64 | K4: 1.32 | L4: 0.87 | M4: 0.31 | N4: 0.78 | O4: 1.02 | P4: 0.91 | Q4: 0.08 | R4: =(H4-I4)-(F4-G4) | S4: =(H4+I4)-(F4+G4) | T4: 1.36 | U4: 1.8 | V4: -0.44 | W4: 5.21 | X4: 4.26
A5: 2026-09-01 | B5: Crewe Alexandra | C5: Away | D5: 2 | E5: 2 | F5: 1.27 | G5: 1.52 | H5: 1.82 | I5: 1.49 | J5: 0.55 | K5: -0.03 | L5: 0.79 | M5: 0.23 | N5: 0.74 | O5: 0.17 | P5: 0.87 | Q5: 0.1 | R5: =(H5-I5)-(F5-G5) | S5: =(H5+I5)-(F5+G5) | T5: 1.59 | U5: 1.21 | V5: 0.39 | W5: 6.81 | X5: 5.47
A6: 2026-09-05 | B6: Exeter | C6: Away | D6: 0 | E6: 0 | F6: 1.35 | G6: 1.41 | H6: 0.4 | I6: 1.52 | J6: -0.95 | K6: 0.11 | L6: 0.44 | M6: 0.2 | N6: -0.66 | O6: 0.12 | P6: 0.56 | Q6: 0.1 | R6: =(H6-I6)-(F6-G6) | S6: =(H6+I6)-(F6+G6) | T6: 0.53 | U6: 1.33 | V6: -0.8 | W6: 7.34 | X6: 6.8
A7: 2026-09-12 | B7: Rochdale | C7: Home | D7: 0 | E7: 0 | F7: 1.82 | G7: 1.02 | H7: 1.76 | I7: 0.43 | J7: -0.06 | K7: -0.59 | L7: 0.36 | M7: 0.07 | N7: -0.33 | O7: -0.1 | P7: 0.41 | Q7: 0.07 | R7: =(H7-I7)-(F7-G7) | S7: =(H7+I7)-(F7+G7) | T7: 2.32 | U7: 1.92 | V7: 0.41 | W7: 9.66 | X7: 8.71
A8: 2026-09-19 | B8: Port Vale | C8: Home | D8: 2 | E8: 0 | F8: 1.36 | G8: 1.26 | H8: 0.87 | I8: 0.54 | J8: -0.49 | K8: -0.72 | L8: -0.05 | M8: -0.05 | N8: -0.29 | O8: -0.77 | P8: -0.01 | Q8: -0.05 | R8: =(H8-I8)-(F8-G8) | S8: =(H8+I8)-(F8+G8) | T8: 1.61 | U8: 1.44 | V8: 0.17 | W8: 11.27 | X8: 10.15
A9: 2026-09-26 | B9: Tranmere Rovers | C9: Away | D9: 1 | E9: 1 | F9: 1.32 | G9: 1.38 | H9: 0.81 | I9: 2.26 | J9: -0.51 | K9: 0.88 | L9: -0.14 | M9: 0.16 | N9: -0.76 | O9: 1.02 | P9: -0.09 | Q9: 0.24 | R9: =(H9-I9)-(F9-G9) | S9: =(H9+I9)-(F9+G9) | T9: 0.54 | U9: 1.33 | V9: -0.8 | W9: 11.8 | X9: 11.49
A10: 2026-10-10 | B10: Fleetwood Town | C10: Away | D10: 1 | E10: 1 | F10: 1.25 | G10: 1.5 | H10: 0.89 | I10: 1.57 | J10: -0.36 | K10: 0.07 | L10: -0.31 | M10: -0.05 | N10: -0.87 | O10: 0.23 | P10: -0.36 | Q10: 0.11 | R10: =(H10-I10)-(F10-G10) | S10: =(H10+I10)-(F10+G10) | T10: 0.89 | U10: 1.2 | V10: -0.31 | W10: 12.7 | X10: 12.69
A12: Season summary
A13: Matches played | E13: =COUNTA(A2:A10)
A14: Total goals for | E14: =SUM(D2:D10)
A15: Total goals against | E15: =SUM(E2:E10)
A16: Avg xG Delta (For) | E16: =AVERAGE(J2:J10)
A17: Median xG Delta (For) | E17: =MEDIAN(J2:J10)
A18: Avg xG Delta (Against) | E18: =AVERAGE(K2:K10)
A19: Median xG Delta (Against) | E19: =MEDIAN(K2:K10)
A20: Avg xG Delta (For, Adj) | E20: =AVERAGE(N2:N10)
A21: Median xG Delta (For, Adj) | E21: =MEDIAN(N2:N10)
A22: Avg xG Delta (Against, Adj) | E22: =AVERAGE(O2:O10)
A23: Median xG Delta (Against, Adj) | E23: =MEDIAN(O2:O10)
A24: Avg Supremacy Delta | E24: =AVERAGE(R2:R10)
A25: Median Supremacy Delta | E25: =MEDIAN(R2:R10)
A26: Avg Total xG Delta | E26: =AVERAGE(S2:S10)
A27: Median Total xG Delta | E27: =MEDIAN(S2:S10)
A28: Current form (last 6, For) | E28: =L10
A29: Current form (last 6, Against) | E29: =M10
A30: Current form (last 6, For, Adj) | E30: =P10
A31: Current form (last 6, Against, Adj) | E31: =Q10
A32: Total xPts (Actual) | E32: =SUM(T2:T10)
A33: Total xPts (Market) | E33: =SUM(U2:U10)
A34: Avg xPts Delta | E34: =AVERAGE(V2:V10)
A36: Home / Away split
A37: Venue | B37: Matches | C37: GF | D37: GA | E37: Avg Supremacy | F37: Median Supremacy | G37: Avg Total xG Delta | H37: Median Total xG Delta
A38: Home | B38: 4 | C38: 5 | D38: 2 | E38: 0.12 | F38: 0.32 | G38: -0.08 | H38: -0.53
A39: Away | B39: 5 | C39: 7 | D39: 4 | E39: -0.07 | F39: -0.43 | G39: 0.34 | H39: 0.36
A40: Total | B40: 9 | C40: 12 | D40: 6 | E40: 0.01 | F40: 0.22 | G40: 0.16 | H40: -0.29

Sheet York
A1: Date | B1: Opponent | C1: Venue | D1: Goals For | E1: Goals Against | F1: xG Pre-Match (For) | G1: xG Pre-Match (Against) | H1: xG Actual (For) | I1: xG Actual (Against) | J1: xG Delta (For) | K1: xG Delta (Against) | L1: Rolling Delta (For) | M1: Rolling Delta (Against) | N1: xG Delta (For, Adj) | O1: xG Delta (Against, Adj) | P1: Rolling Delta (For, Adj) | Q1: Rolling Delta (Against, Adj) | R1: Supremacy Delta | S1: Match Total xG Delta | T1: xPts (Actual) | U1: xPts (Market) | V1: xPts Delta | W1: xPts (Actual, Cum.) | X1: xPts (Market, Cum.)
A2: 2026-08-15 | B2: Bristol Rvs | C2: Home | D2: 3 | E2: 2 | F2: 1.41 | G2: 1.09 | H2: 1.93 | I2: 1.83 | J2: 0.52 | K2: 0.74 | L2: 0.52 | M2: 0.74 | N2: 0.46 | O2: 0.69 | P2: 0.46 | Q2: 0.69 | R2: =(H2-I2)-(F2-G2) | S2: =(H2+I2)-(F2+G2) | T2: 1.45 | U2: 1.59 | V2: -0.14 | W2: 1.45 | X2: 1.59
A3: 2026-08-22 | B3: Rotherham United | C3: Away | D3: 1 | E3: 1 | F3: 1.3 | G3: 1.37 | H3: 2.32 | I3: 1 | J3: 1.02 | K3: -0.37 | L3: 0.77 | M3: 0.18 | N3: 1.28 | O3: -0.61 | P3: 0.87 | Q3: 0.04 | R3: =(H3-I3)-(F3-G3) | S3: =(H3+I3)-(F3+G3) | T3: 2.19 | U3: 1.32 | V3: 0.87 | W3: 3.64 | X3: 2.91
A4: 2026-08-29 | B4: Exeter | C4: Home | D4: 2 | E4: 1 | F4: 1.8 | G4: 0.96 | H4: 1.18 | I4: 0.89 | J4: -0.62 | K4: -0.07 | L4: 0.31 | M4: 0.1 | N4: -0.3 | O4: -0.08 | P4: 0.48 | Q4: 0 | R4: =(H4-I4)-(F4-G4) | S4: =(H4+I4)-(F4+G4) | T4: 1.57 | U4: 1.95 | V4: -0.37 | W4: 5.22 | X4: 4.86
A5: 2026-09-01 | B5: Cheltenham Town | C5: Away | D5: 2 | E5: 3 | F5: 1.7 | G5: 1.1 | H5: 2.59 | I5: 1.36 | J5: 0.89 | K5: 0.26 | L5: 0.45 | M5: 0.14 | N5: 0.8 | O5: 0.37 | P5: 0.56 | Q5: 0.09 | R5: =(H5-I5)-(F5-G5) | S5: =(H5+I5)-(F5+G5) | T5: 2.09 | U5: 1.78 | V5: 0.31 | W5: 7.31 | X5: 6.64
A6: 2026-09-05 | B6: Crewe Alexandra | C6: Away | D6: 1 | E6: 1 | F6: 1.44 | G6: 1.28 | H6: 2.51 | I6: 1.14 | J6: 1.07 | K6: -0.14 | L6: 0.58 | M6: 0.08 | N6: 1.32 | O6: 0.05 | P6: 0.71 | Q6: 0.09 | R6: =(H6-I6)-(F6-G6) | S6: =(H6+I6)-(F6+G6) | T6: 2.19 | U6: 1.48 | V6: 0.71 | W6: 9.5 | X6: 8.12
A7: 2026-09-12 | B7: Swindon Town | C7: Home | D7: 4 | E7: 0 | F7: 2.02 | G7: 1.07 | H7: 2.59 | I7: 0.49 | J7: 0.57 | K7: -0.58 | L7: 0.58 | M7: -0.03 | N7: 0.6 | O7: -0.43 | P7: 0.69 | Q7: 0 | R7: =(H7-I7)-(F7-G7) | S7: =(H7+I7)-(F7+G7) | T7: 2.6 | U7: 1.99 | V7: 0.61 | W7: 12.1 | X7: 10.11
A8: 2026-09-19 | B8: Chesterfield | C8: Away | D8: 0 | E8: 2 | F8: 1.41 | G8: 1.5 | H8: 0.4 | I8: 2.11 | J8: -1.01 | K8: 0.61 | L8: 0.32 | M8: -0.05 | N8: -1.14 | O8: 0.01 | P8: 0.43 | Q8: -0.11 | R8: =(H8-I8)-(F8-G8) | S8: =(H8+I8)-(F8+G8) | T8: 0.34 | U8: 1.31 | V8: -0.97 | W8: 12.44 | X8: 11.42
A9: 2026-09-26 | B9: Gillingham | C9: Home | D9: 3 | E9: 0 | F9: 2.08 | G9: 1 | H9: 2.21 | I9: 0.26 | J9: 0.13 | K9: -0.74 | L9: 0.17 | M9: -0.11 | N9: 0.25 | O9: -0.9 | P9: 0.25 | Q9: -0.16 | R9: =(H9-I9)-(F9-G9) | S9: =(H9+I9)-(F9+G9) | T9: 2.62 | U9: 2.08 | V9: 0.55 | W9: 15.06 | X9: 13.5
A10: 2026-10-10 | B10: Northampton Town | C10: Home | D10: 1 | E10: 1 | F10: 1.83 | G10: 0.95 | H10: 2.31 | I10: 0.98 | J10: 0.48 | K10: 0.03 | L10: 0.36 | M10: -0.09 | N10: 0.71 | O10: 0.8 | P10: 0.42 | Q10: -0.02 | R10: =(H10-I10)-(F10-G10) | S10: =(H10+I10)-(F10+G10) | T10: 2.2 | U10: 1.97 | V10: 0.23 | W10: 17.26 | X10: 15.46
A12: Season summary
A13: Matches played | E13: =COUNTA(A2:A10)
A14: Total goals for | E14: =SUM(D2:D10)
A15: Total goals against | E15: =SUM(E2:E10)
A16: Avg xG Delta (For) | E16: =AVERAGE(J2:J10)
A17: Median xG Delta (For) | E17: =MEDIAN(J2:J10)
A18: Avg xG Delta (Against) | E18: =AVERAGE(K2:K10)
A19: Median xG Delta (Against) | E19: =MEDIAN(K2:K10)
A20: Avg xG Delta (For, Adj) | E20: =AVERAGE(N2:N10)
A21: Median xG Delta (For, Adj) | E21: =MEDIAN(N2:N10)
A22: Avg xG Delta (Against, Adj) | E22: =AVERAGE(O2:O10)
A23: Median xG Delta (Against, Adj) | E23: =MEDIAN(O2:O10)
A24: Avg Supremacy Delta | E24: =AVERAGE(R2:R10)
A25: Median Supremacy Delta | E25: =MEDIAN(R2:R10)
A26: Avg Total xG Delta | E26: =AVERAGE(S2:S10)
A27: Median Total xG Delta | E27: =MEDIAN(S2:S10)
A28: Current form (last 6, For) | E28: =L10
A29: Current form (last 6, Against) | E29: =M10
A30: Current form (last 6, For, Adj) | E30: =P10
A31: Current form (last 6, Against, Adj) | E31: =Q10
A32: Total xPts (Actual) | E32: =SUM(T2:T10)
A33: Total xPts (Market) | E33: =SUM(U2:U10)
A34: Avg xPts Delta | E34: =AVERAGE(V2:V10)
A36: Home / Away split
A37: Venue | B37: Matches | C37: GF | D37: GA | E37: Avg Supremacy | F37: Median Supremacy | G37: Avg Total xG Delta | H37: Median Total xG Delta
A38: Home | B38: 5 | C38: 13 | D38: 4 | E38: 0.34 | F38: 0.45 | G38: 0.09 | H38: -0.01
A39: Away | B39: 4 | C39: 4 | D39: 7 | E39: 0.41 | F39: 0.93 | G39: 0.58 | H39: 0.79
A40: Total | B40: 9 | C40: 17 | D40: 11 | E40: 0.37 | F40: 0.63 | G40: 0.31 | H40: 0.51

Sheet Results Data
A1: Date | B1: HomeTeam | C1: AwayTeam | D1: FTHG | E1: FTAG
A2: 2026-08-15 | B2: Newport County | C2: Rochdale | D2: 3 | E2: 0
A3: 2026-08-15 | B3: Oldham Athletic | C3: Port Vale | D3: 2 | E3: 0
A4: 2026-08-15 | B4: Accrington Stanley | C4: Colchester United | D4: 2 | E4: 2
A5: 2026-08-15 | B5: Barnet | C5: Salford City | D5: 3 | E5: 1
A6: 2026-08-15 | B6: Cheltenham Town | C6: Rotherham United | D6: 2 | E6: 1
A7: 2026-08-15 | B7: Chesterfield | C7: Fleetwood Town | D7: 0 | E7: 1
A8: 2026-08-15 | B8: Crawley Town | C8: Crewe Alexandra | D8: 0 | E8: 1
A9: 2026-08-15 | B9: Gillingham | C9: Walsall | D9: 0 | E9: 3
A10: 2026-08-15 | B10: Grimsby Town | C10: Exeter | D10: 1 | E10: 0
A11: 2026-08-15 | B11: Northampton Town | C11: Swindon Town | D11: 0 | E11: 0
A12: 2026-08-15 | B12: Tranmere Rovers | C12: Shrewsbury Town | D12: 2 | E12: 0
A13: 2026-08-15 | B13: York | C13: Bristol Rvs | D13: 3 | E13: 2
... A115: 2026-10-10 | B115: York | C115: Northampton Town | D115: 1 | E115: 1
